CUSTOMER_ID,CUSTOMER_NAME,COUNT_LIFETIME_ORDERS,FIRST_ORDERED_AT,LAST_ORDERED_AT,LIFETIME_SPEND_PRETAX,LIFETIME_TAX_PAID,LIFETIME_SPEND,CUSTOMER_TYPE
50a2d1c4-d788-4498-a6f7-dd75d4db588f,Stephanie Love,151,2016-09-01,2017-08-31,1599.00,95.76,1694.76,returning
438005c2-dd1d-48aa-8bfd-7fb06851b5f8,Kristi Keller,177,2016-09-01,2017-08-31,987.00,59.22,1046.22,returning
5261268c-aa94-438a-921a-05efc0d414ac,Allison Oliver,207,2016-09-01,2017-08-31,1147.00,68.82,1215.82,returning
f8486fce-bc07-4a4f-a6e9-ed6a06ba996c,Nancy Austin,142,2016-09-01,2017-08-31,797.00,47.82,844.82,returning
341ed9b2-1760-4720-a1b1-42681d273c63,Christy Rios,99,2016-09-01,2017-08-31,2020.00,121.06,2141.06,returning
2660b7ac-6c46-4392-8ddc-26194c532341,Michael Mendoza,182,2016-09-01,2017-08-31,1033.00,61.98,1094.98,returning
7e52ce3f-191d-4d27-a0a8-76706fd6173c,Beverly Peters,150,2016-09-01,2017-08-30,1655.00,99.16,1754.16,returning
0000bd8e-496c-42aa-9430-fea7f9bd6a96,Connie Harrison,190,2016-09-01,2017-08-30,1040.00,62.40,1102.40,returning
3b47f466-5256-41a1-951c-efee13597676,Carly Harris,135,2016-09-01,2017-08-31,1508.00,90.35,1598.35,returning
2480125c-2d37-405c-96b9-ca32b2c75b33,Russell Mitchell,176,2016-09-01,2017-08-28,979.00,58.74,1037.74,returning
69731d27-9caa-46cf-8933-d01e29b20043,Jacqueline Pineda,154,2016-09-01,2017-08-30,1614.00,96.73,1710.73,returning
861181e6-5d97-48a8-bbe4-226caa976140,Aaron Williams,177,2016-09-01,2017-08-31,1003.00,60.18,1063.18,returning
1bf35f99-4627-4c80-a5f8-0797538eaf54,Ashley Santiago,124,2016-09-01,2017-08-30,1322.00,79.15,1401.15,returning
3f1fc492-e8ed-4840-97a0-a56592fdc1d9,Yvonne Watson,167,2016-09-01,2017-08-31,933.00,55.98,988.98,returning
24ea0325-a7d6-4388-b86c-7b51e5805b26,Timothy Waller,100,2016-09-01,2017-08-31,2116.00,126.79,2242.79,returning
90b6264d-1278-47c8-a418-6498aac365ba,Nichole Brown,110,2016-09-01,2017-08-22,2257.00,135.20,2392.20,returning
18b69140-479d-44b6-8369-04a49414f975,Pamela Lane,151,2016-09-01,2017-08-31,1651.00,98.87,1749.87,returning
b0da7a9b-77d7-407d-8506-51705503fa05,Sean Koch,186,2016-09-01,2017-08-31,1051.00,63.06,1114.06,returning
c5dde410-2c70-486e-bb0d-974b2798825b,Jessica Valdez,99,2016-09-01,2017-08-30,1014.00,60.73,1074.73,returning
5a589b0f-69ac-4256-aea8-df379845f417,Johnny Ryan,133,2016-09-02,2017-08-29,1428.00,85.60,1513.60,returning
fd788ea1-7f9f-477b-b5fa-9a64962eb7f0,Brad Williamson,143,2016-09-02,2017-08-31,1467.00,87.88,1554.88,returning
6faa20a4-1e8f-43a8-9a45-33ae5f675190,Tyrone Ryan,199,2016-09-01,2017-08-31,1105.00,66.30,1171.30,returning
3c7a4cde-d92b-4d90-a731-9c0461ae8c90,Nicole Jackson,187,2016-09-01,2017-08-31,1037.00,62.22,1099.22,returning
848485f0-198f-4efa-8335-707db71a7434,Kristin Mcintyre,196,2016-09-01,2017-08-31,1114.00,66.84,1180.84,returning
827eed18-8ab1-4e5d-ab00-5d8ac9bb168b,Larry Ward,155,2016-09-02,2017-08-31,858.00,51.48,909.48,returning
9eac28b8-2264-4e48-9c2c-b3f7384bc20a,Karen Sanchez,44,2016-09-03,2017-08-26,1551.00,92.94,1643.94,returning
a311b0c8-1b63-4405-8097-09a984512389,Ray Mitchell,179,2016-09-01,2017-08-30,1010.00,60.60,1070.60,returning
4b8b181e-668e-45d4-a8e3-7180a41cf064,Martin Barnes,152,2016-09-01,2017-08-30,859.00,51.54,910.54,returning
1076f00e-5dd1-41d1-b2a5-0c59e18a5310,Shelly Benitez,175,2016-09-01,2017-08-30,973.00,58.38,1031.38,returning
5d59a09d-7696-4e1b-a171-abe3b79fff2d,Tracy Gibbs,185,2016-09-01,2017-08-31,996.00,59.76,1055.76,returning
0d2974c5-d4de-4163-bf27-73d86a77b048,Jessica Lewis,189,2016-09-02,2017-08-31,1068.00,64.08,1132.08,returning
84f816bd-12e2-4633-a419-fc80705977e6,Alicia Huerta,187,2016-09-02,2017-08-31,1036.00,62.16,1098.16,returning
ddd9ed38-6351-4568-b08c-8f6c92cb84a8,Misty Lee,126,2016-09-01,2017-08-31,1382.00,82.76,1464.76,returning
9368e74c-0581-4d77-9358-94e415a80423,Martha Pineda DDS,101,2016-09-01,2017-08-29,2179.00,130.60,2309.60,returning
189edb91-3f25-4f32-bfb4-64bd4052cb1c,Tina Collins,101,2016-09-06,2017-08-25,2077.00,124.44,2201.44,returning
47e4f30d-f965-45df-8474-93d5aeaf7cb2,Christian Fernandez,136,2016-09-02,2017-08-31,1388.00,83.12,1471.12,returning
d31efffd-fdc4-4168-ac26-83b67a6c5c47,Derek Smith,213,2016-09-05,2017-08-30,1220.00,73.20,1293.20,returning
34a9dd73-95d0-45d9-a3fb-636e4e080a6c,Jonathan Anderson,187,2016-09-05,2017-08-31,1027.00,61.62,1088.62,returning
b1554012-ee9c-477f-a055-e067482499a6,Mr. Matthew Meyer,33,2016-09-17,2017-08-05,2915.00,174.80,3089.80,returning
f6722fed-e7e1-443f-84e8-a753dc7dcd63,Cameron Martin,130,2016-09-21,2017-06-19,1535.00,91.95,1626.95,returning
2ffdab76-6ec7-4dce-bd58-e9b2f6da991c,Jacqueline Morris,133,2016-09-21,2017-06-20,1607.00,96.28,1703.28,returning
ffd40778-a37e-453c-81d1-9a769cac4692,Shannon Alexander,67,2016-11-03,2017-08-30,692.00,41.44,733.44,returning
953ad96a-103b-4460-a3b5-14b78403eb5d,Lindsey Hunter,34,2016-11-05,2017-08-20,1799.00,107.94,1906.94,returning
28447ab4-5e16-465e-acd1-7fcacd2d97e2,Andrew Perez,129,2016-09-02,2017-08-31,1514.00,90.66,1604.66,returning
967d3e2d-8b15-4f43-a6b5-d1dd3934707d,Jeffrey Bailey,114,2016-09-02,2017-08-30,1200.00,71.81,1271.81,returning
0872893c-bf01-4853-b91f-a1cc0263fedf,Stephanie Quinn,204,2016-09-01,2017-08-31,1153.00,69.18,1222.18,returning
f5e8b3ff-659d-4bc9-bdc6-6b7fe343bcab,Amanda Johnson,130,2016-09-01,2017-08-27,1462.00,87.54,1549.54,returning
43217606-3354-4bb8-b967-c358331d8375,Douglas Hill,98,2016-09-01,2017-08-31,2193.00,131.42,2324.42,returning
05fae288-07c2-4e99-a945-fa3fbfa123ed,Rodney Berry,150,2016-09-02,2017-08-24,838.00,50.28,888.28,returning
9ff834d1-4ca0-4dd5-bb53-ea96ad8611bb,Michael Williams,222,2016-09-01,2017-08-29,1227.00,73.62,1300.62,returning
1c4a9464-3e0e-45d2-9ca2-87c36b03f80b,Benjamin Bell,100,2016-09-02,2017-08-31,1983.00,118.76,2101.76,returning
9db0e79f-fdea-4290-ba7b-114141f33d1f,Katherine Odom,119,2016-09-02,2017-08-31,1323.00,79.21,1402.21,returning
5d5ea9b6-fefd-4e25-850a-9c2d365e7e27,Tracy Garcia,86,2016-09-05,2017-08-31,977.00,58.55,1035.55,returning
710200a9-2c6c-4f21-b3f1-3ed6aa684fa2,Janet Robles,211,2016-09-01,2017-08-31,1174.00,70.44,1244.44,returning
8e104807-9dc2-4625-a1b7-9d858ddd96de,Michael Perez,38,2016-09-20,2017-08-25,460.00,27.52,487.52,returning
faae2750-9c1c-4c70-96ed-e845374e4e5e,Roy Young,90,2016-09-21,2017-06-20,1024.00,61.30,1085.30,returning
aece6b12-b296-4a1b-991c-ab89ac207fed,Ashley Franco,119,2016-09-21,2017-06-20,1371.00,82.17,1453.17,returning
4acffd44-9d77-4c09-afdb-e7f93ee5518b,Jennifer Richardson,160,2016-10-27,2017-08-31,875.00,52.50,927.50,returning
ff4e2ef5-4f72-41f4-90ea-4f40665b9f5b,Andrew Serrano,195,2016-10-31,2017-08-31,1105.00,66.30,1171.30,returning
8ebb4b7d-ed19-43be-a647-6c3a9a6a166a,David Mann,183,2016-11-03,2017-08-31,1036.00,62.16,1098.16,returning
5bbca380-854e-47a4-ae5c-fd631650a115,Joseph Mcintyre,186,2016-09-01,2017-08-31,1021.00,61.26,1082.26,returning
132425e2-d22d-43aa-a372-e3d9bfd77f8c,John Marshall,195,2016-09-02,2017-08-30,1091.00,65.46,1156.46,returning
99b2e147-d4f4-4a75-8f55-17304a277ed2,Sara Henderson,126,2016-09-21,2017-06-20,1345.00,80.55,1425.55,returning
96f4e93c-c759-4fc7-b4a3-c8a153858bea,Lori Butler,112,2016-09-01,2017-08-29,2310.00,138.50,2448.50,returning
e4bced79-6e2c-4b22-a6d5-199ed87ca7ee,Michael Carter,111,2016-09-01,2017-08-30,2310.00,138.27,2448.27,returning
bbe9e834-7071-42d6-8970-aa7301b72ec2,Michael Cobb,152,2016-09-01,2017-08-31,1599.00,95.77,1694.77,returning
6d91807a-84e4-47c1-8e47-925d52e0dd48,Mark Barnett,118,2016-09-01,2017-08-29,1267.00,75.93,1342.93,returning
dc634429-12c2-417d-b460-f3ed4903d539,John Lowe,143,2016-09-02,2017-08-31,1501.00,89.87,1590.87,returning
a7cebb21-0f26-4834-8a09-e3269b21a77b,Emma Mitchell,161,2016-09-02,2017-08-29,899.00,53.94,952.94,returning
b27a07f1-ddf4-4134-9f7d-1b1ac869b110,Patrick Knight,146,2016-09-02,2017-08-29,781.00,46.86,827.86,returning
5ed25035-4723-4154-823d-a8c8b4c02e51,Jacob Reeves,91,2016-09-01,2017-08-31,1002.00,60.08,1062.08,returning
3f3af4f6-a87b-4f03-8669-2e1a8e3c6d8b,Carlos Leon,142,2016-09-01,2017-08-30,1644.00,98.51,1742.51,returning
fdd86eaf-7a5b-4598-9a08-6f4f207743bb,Dana Smith,182,2016-09-01,2017-08-29,986.00,59.16,1045.16,returning
9d37a85b-84b4-486d-b852-fd896a50fbf6,Jessica James,41,2016-09-03,2017-08-26,2137.00,128.22,2265.22,returning
5b2179c5-dd1c-45b4-b99c-10f1c7c201f4,Garrett Black,128,2016-09-06,2017-08-31,1277.00,76.49,1353.49,returning
0206c59d-8464-4845-9680-9463df25efd9,Jose Fox,116,2016-09-06,2017-08-25,2480.00,148.63,2628.63,returning
cfefbf12-9a5a-4d61-a708-d92f785af097,Julie Taylor,168,2016-10-28,2017-08-31,930.00,55.80,985.80,returning
5f8c9b91-24ee-43a2-b758-fece4c2fd787,Richard Holloway,81,2016-11-11,2017-06-20,944.00,56.53,1000.53,returning
cc1816db-c3dd-4c16-8ea7-18fe313472b9,Brittany Johnson,218,2016-09-01,2017-08-31,1223.00,73.38,1296.38,returning
d6de888a-0aee-4f77-a7d4-daba8f0da415,Christopher Kim,203,2016-09-01,2017-08-31,1171.00,70.26,1241.26,returning
4dc2aa9c-8633-4861-b795-5b285cf76a1f,Susan Castillo,201,2016-09-01,2017-08-31,1118.00,67.08,1185.08,returning
1435b563-f156-4cd8-9f3d-6224260e26a4,Melissa Davis,130,2016-09-01,2017-08-29,1411.00,84.53,1495.53,returning
0b4a904c-b6d7-4355-b1ff-3744b3831112,Nancy Hernandez MD,30,2016-09-01,2017-08-08,306.00,18.31,324.31,returning
d9464bcd-0a19-4058-8fc1-bea843e6c339,Brittany Brown,158,2016-09-02,2017-08-31,914.00,54.84,968.84,returning
d47a83f3-a765-4a20-b40c-e0993cf00e4f,Jasmine Murray,226,2016-09-01,2017-08-31,1254.00,75.24,1329.24,returning
e6ef189a-76de-4ef5-ace2-676d69273e22,Wesley Jenkins,102,2016-09-05,2017-08-16,2004.00,120.14,2124.14,returning
a57c96be-0b7a-41c6-bd9a-9330e20c497a,Jessica Richard,159,2016-09-02,2017-08-28,903.00,54.18,957.18,returning
16e8d4f8-2451-446f-a254-3bc68e40621b,Stacey Miller,128,2016-09-02,2017-08-31,1398.00,83.74,1481.74,returning
b4413ac0-2fc9-4c91-b188-71c109d9be8f,Amy Wolf,218,2016-09-01,2017-08-31,1229.00,73.74,1302.74,returning
2609004e-90a8-450e-98f3-5ebc16841cd5,Joy Lam,226,2016-09-01,2017-08-31,1265.00,75.90,1340.90,returning
847d46dd-9721-4351-8bef-5c2292b57d6f,Kelly Singh,217,2016-09-02,2017-08-30,1211.00,72.66,1283.66,returning
0688ed48-bbd7-41d6-b5ef-c2cd771f72c2,Todd Burton,136,2016-09-02,2017-08-27,793.00,47.58,840.58,returning
f3feb7f9-9069-4fd7-be91-3800d1307935,Brittany Barrera,113,2016-09-02,2017-08-31,2549.00,152.72,2701.72,returning
2a2c365a-ac9d-4106-a494-678e09ae412c,Tyler Henderson,108,2016-09-02,2017-08-24,2113.00,126.58,2239.58,returning
a970776b-59ce-47ec-9e77-946229a8be45,Cheryl Campos,86,2016-09-02,2017-08-29,952.00,57.01,1009.01,returning
5fccc95a-c30f-4525-a4a6-43861baae99a,Karina Thompson,196,2016-09-02,2017-08-30,1092.00,65.52,1157.52,returning
23c5eb35-05e9-4347-8854-ee86ec27393e,Nicholas Benson,66,2016-09-02,2017-08-30,689.00,41.29,730.29,returning
bbfdba43-2871-4e95-84d9-e2ff45960e7d,Christina Rollins,142,2016-09-03,2017-08-29,800.00,48.00,848.00,returning
352810e9-e0fe-4062-a808-83f47ad5f4d4,Dylan Anderson,32,2016-09-05,2017-08-24,373.00,22.33,395.33,returning
fe2e9f59-c77b-4756-ad2e-fe864a560344,April Curtis,146,2016-09-05,2017-08-31,1445.00,86.54,1531.54,returning
531465bc-638f-4adb-9b47-cf0c1dc55550,Daniel Small,111,2016-09-01,2017-08-31,1196.00,71.64,1267.64,returning
102e02b0-7f44-4058-881f-7896edc964b2,William Diaz,145,2016-09-05,2017-08-28,1538.00,92.07,1630.07,returning
9bac4be0-d703-4f1d-a088-1bdb362d3246,Scott Thompson,221,2016-09-01,2017-08-31,1225.00,73.50,1298.50,returning
83967256-31c2-4fcb-a61d-2378ac6f1ad6,Jeffrey Love,116,2016-09-03,2017-08-21,2360.00,141.33,2501.33,returning
76acc7d2-0fca-4530-89dd-39889b4f3bb3,Bruce Cole,40,2016-09-04,2017-08-27,713.00,42.71,755.71,returning
3d0d96e7-a6da-4e11-a509-76b813d466f5,Alexis Cervantes,86,2016-09-07,2017-08-31,869.00,52.05,921.05,returning
878f6e41-bcd7-4f18-aa89-90133272eafa,Patrick Thomas,74,2016-09-07,2017-08-31,856.00,51.25,907.25,returning
2aee3fe5-2eb0-4391-bb79-d4d4ffdd9931,John Drake,94,2016-09-07,2017-08-30,1808.00,108.34,1916.34,returning
f044be50-29c1-40c4-a16c-a1dd1f95d6f3,Keith Phillips,112,2016-09-08,2017-08-30,1248.00,74.74,1322.74,returning
612533b6-7eaf-45a2-b9d4-06192ce5620e,Ryan Byrd,29,2016-09-10,2017-08-06,2581.00,154.77,2735.77,returning
4b761c33-8a8a-4dbe-a0d0-fa3261b391ee,Renee Gibson,42,2016-09-11,2017-08-20,730.00,43.72,773.72,returning
797a1a0b-31a6-4422-af8a-98fd4e5e1114,Justin Barrera,93,2016-09-21,2017-06-19,1014.00,60.72,1074.72,returning
b2263d08-d05d-4240-a470-6fe31527b9d2,Kathleen Rice,136,2016-09-21,2017-06-20,1540.00,92.32,1632.32,returning
534f7dee-6c8b-474d-b7be-41fa1dbbe93a,Jon Heath,89,2016-09-21,2017-06-20,1056.00,63.29,1119.29,returning
2ba287a4-72ee-4028-bc13-39a65e78db4d,Melvin Ingram,129,2016-09-21,2017-06-20,1558.00,93.36,1651.36,returning
b0382b3d-f5c4-4ecd-9e82-9ec911feb36a,Ronnie Anderson,53,2016-09-22,2017-06-16,608.00,36.43,644.43,returning
f285aab8-56d5-40ad-92f1-61b0a4498890,Andre Sanders,138,2016-09-22,2017-06-20,1597.00,95.67,1692.67,returning
74b13d9f-159f-4adb-8b2c-a623d67b529e,Melissa Miller,109,2016-09-23,2017-06-20,1262.00,75.54,1337.54,returning
7bfeca78-8e06-4644-9d0b-1470c32aa9e7,Dr. Maria Moreno MD,119,2016-09-22,2017-06-20,1499.00,89.79,1588.79,returning
148d63de-77f4-461d-b3ca-5369e9a98e7b,Jennifer Garcia,25,2016-09-24,2017-08-20,1749.00,104.87,1853.87,returning
be6fcaa5-9911-4bb6-b97c-47eb53c88b32,James Gardner,189,2016-10-25,2017-08-31,1053.00,63.18,1116.18,returning
3d097c4e-dd09-4cfa-8460-39fd4fb8a1cc,Robin Vargas,132,2016-10-25,2017-08-29,1334.00,79.88,1413.88,returning
ea224baf-b892-4ba2-b9f3-d14cc512820c,Christopher Cooper,88,2016-11-01,2017-08-28,1035.00,62.02,1097.02,returning
f1c35457-d11b-4726-ae58-b98a09167675,Sarah Harris,75,2016-11-08,2017-06-20,888.00,53.25,941.25,returning
46d24c86-1a31-430e-b1c4-1f4d8632c5ee,Glen King,100,2016-11-11,2017-06-20,1160.00,69.50,1229.50,returning
92bac428-565b-4fba-a911-e9f3dc3c5ad8,Rodney Gonzalez,110,2016-09-03,2017-08-17,2459.00,147.33,2606.33,returning
3483e39a-260f-4974-9366-50c2d833307f,Melissa Lopez,231,2016-09-01,2017-08-31,1317.00,79.02,1396.02,returning
7d0a9ece-1d73-43ea-98e7-8bbe21e890ec,Anthony Murillo,156,2016-09-01,2017-08-31,1832.00,109.73,1941.73,returning
cee4269a-3771-43d9-adc4-762ba3bc1782,Alicia Clark,44,2016-09-02,2017-08-25,453.00,27.15,480.15,returning
2a0095cd-099e-45f3-a8ed-241dbe5cde18,William James,61,2016-09-03,2017-08-31,631.00,37.79,668.79,returning
a792d50a-1570-450f-901a-c26bc3b4a9dd,Debra Wolf,76,2016-09-06,2017-08-17,916.00,54.89,970.89,returning
4d6ee3e3-9ec6-4c2e-9552-a75af6d19f14,Aaron Gardner,31,2016-09-04,2017-08-27,2718.00,162.99,2880.99,returning
961b1333-d41e-443a-9880-0b1c8c59e141,Kyle Martin,36,2016-09-09,2017-08-31,349.00,20.92,369.92,returning
72874237-a564-45ff-95cf-5fb3ab18e7c8,Katie Ruiz,38,2016-09-10,2017-08-27,2002.00,120.12,2122.12,returning
b2664ec9-be42-46bd-9f6d-073a50105636,Dr. Shannon Carter,127,2016-09-23,2017-06-20,1431.00,85.71,1516.71,returning
96f16837-3562-4765-b8dc-ddd863a970f2,Angela Moyer,30,2016-10-01,2017-08-26,2641.00,158.40,2799.40,returning
5f31277a-2dcf-4273-81e3-312413596a23,Scott Reyes,22,2016-09-24,2017-08-20,1554.00,93.21,1647.21,returning
b0cab1cc-6689-4922-a78f-5c6e1c458cd1,Alex Taylor,174,2016-10-31,2017-08-31,943.00,56.58,999.58,returning
e9647282-4e31-40a7-a07e-5d10cd7e447a,Anne Jackson,74,2016-11-01,2017-06-19,804.00,48.19,852.19,returning
77b903b9-c97e-44ae-8274-9dea7b101277,Christine Gonzales,36,2016-11-05,2017-08-20,1884.00,113.04,1997.04,returning
40353a67-5df0-44ca-9c10-b42fab44c6f3,Robert Skinner,133,2016-11-09,2017-08-31,1421.00,85.10,1506.10,returning
3f13d579-3df8-478c-b978-eec7255facfa,Richard Lee,94,2016-11-09,2017-08-31,1948.00,116.63,2064.63,returning
c9276a13-5b0f-4ce9-8802-3e0ead192508,Melody Wright,95,2016-09-05,2017-08-31,1857.00,111.28,1968.28,returning
b418aed1-0951-4085-9fe4-e750e7fe45f9,Peter Ross,79,2016-11-15,2017-08-31,887.00,53.13,940.13,returning
b4cc95b0-6dbf-4264-a3ef-43fbbadf652a,Devin Clayton,154,2016-11-15,2017-08-31,877.00,52.62,929.62,returning
d224c314-09b4-49c7-9490-53d3247615d2,Julie Dixon,27,2016-11-20,2017-07-16,1430.00,85.80,1515.80,returning
5da6ee93-0365-4464-849c-cba666614c05,Christina Roberts,47,2016-11-24,2017-08-18,545.00,32.62,577.62,returning
3bfe5d2b-8ab3-473f-b56c-cdd86fff8877,Martin Cook,75,2016-11-22,2017-08-31,1792.00,107.44,1899.44,returning
94a6d963-227a-4d07-92a6-0bb60ebd66e6,Ann Yoder,43,2016-11-28,2017-06-19,483.00,28.95,511.95,returning
627b564c-f368-4634-b7f8-d7e1c5ee980a,David Leonard,87,2016-11-28,2017-08-29,1912.00,114.59,2026.59,returning
72492cee-bfcb-4501-9a63-5afe45f5215a,Crystal Mendez,81,2016-11-28,2017-06-20,905.00,54.24,959.24,returning
34a7e239-a098-4105-a6ab-b1a2c1c1c160,Jay Haley,48,2016-12-01,2017-06-20,509.00,30.50,539.50,returning
438d7ce2-8d55-49cd-ab64-d781e25abb9e,Debra Simmons,44,2016-12-02,2017-06-20,489.00,29.29,518.29,returning
52ecad80-29ad-4b94-8e45-82007ac63dba,Emily Anderson,114,2016-12-08,2017-08-29,627.00,37.62,664.62,returning
03a59f85-596f-4b87-9ab3-5f1a84f37beb,Samuel Washington,76,2016-12-09,2017-06-16,950.00,56.90,1006.90,returning
f35eb7b6-1b25-433b-90b5-29212b72f6e2,Brittany Reed,75,2016-12-12,2017-06-15,877.00,52.58,929.58,returning
efc6a229-f984-41c8-b741-83d9a46c5fd1,Jay Cruz,80,2016-12-13,2017-08-30,834.00,49.98,883.98,returning
058a019d-da8d-434a-8e8b-621c3b214928,Danielle Weaver,23,2016-12-18,2017-08-19,1220.00,73.20,1293.20,returning
53dda453-796e-4167-b482-7449bd52694f,Tanya Anderson,25,2016-12-10,2017-08-26,2230.00,133.74,2363.74,returning
d477b62b-46ba-4eaa-a26a-8e3d43ea5a28,Kelsey Miller,69,2016-12-26,2017-08-29,1486.00,88.94,1574.94,returning
bab8979a-8cd9-477b-bbd7-2e1dbab88437,Dawn Williams,127,2016-12-28,2017-08-31,715.00,42.90,757.90,returning
33a6f9f2-9265-47a5-ab40-37c29c87ed07,George Moore,63,2016-12-21,2017-06-20,740.00,44.35,784.35,returning
f24f29fa-33e9-41e2-8965-ac4e39be3919,Amber Lopez,91,2016-12-29,2017-08-28,1037.00,62.11,1099.11,returning
af16d888-ff4c-4c16-a2f8-9e2a3a9677c7,Jeffrey Gutierrez,153,2016-12-31,2017-08-31,842.00,50.52,892.52,returning
47ac22ab-9718-46c4-ac3b-e6473f31a413,Nicholas Mcdowell,26,2016-12-31,2017-08-19,459.00,27.51,486.51,returning
8d5d45b6-2bf0-4380-85a0-b73fcbc86e94,William Valenzuela,78,2017-01-10,2017-08-31,821.00,49.15,870.15,returning
795d2b23-6186-4d66-beb4-690083c579a2,Matthew Dawson,80,2017-01-30,2017-08-31,796.00,47.70,843.70,returning
c64e9b29-2c3f-4a02-bf80-175c5a980c92,Pamela Smith,60,2017-02-09,2017-08-25,583.00,34.90,617.90,returning
5bc5dd9e-3670-4c84-be25-41eace68a711,Erin Flores PhD,24,2017-02-12,2017-08-27,423.00,25.34,448.34,returning
9ede5407-362e-465c-a234-482e1f2411c1,Heidi Randall,13,2017-02-12,2017-07-01,1165.00,69.87,1234.87,returning
8beae791-1455-41dd-a451-67f75ee83ea7,Michael Conner,23,2017-02-19,2017-08-19,814.00,48.78,862.78,returning
0bb6fcf3-0741-4179-af46-d26c45b77171,Angela Hebert,137,2016-09-02,2017-08-29,782.00,46.92,828.92,returning
bacd6bed-844e-4650-8181-7f73dd1352e2,Kristin Frank,45,2016-09-03,2017-08-19,1564.00,93.71,1657.71,returning
c6fb82d9-b6e6-445a-a3d3-0158405a9d16,Angela James,194,2016-09-05,2017-08-31,1084.00,65.04,1149.04,returning
2dbed2c3-1c68-4b90-a343-39b51de57b45,Rachel Watson,146,2016-09-01,2017-08-28,1581.00,94.77,1675.77,returning
2bdeb3b7-a894-4fcf-8218-e41167bc557e,Brian Johnson,97,2016-09-02,2017-08-31,1956.00,117.20,2073.20,returning
c90ea8ef-05ef-4528-bb65-06a8180093d8,James Stuart,51,2016-09-03,2017-08-27,1803.00,108.08,1911.08,returning
9aaa8391-995f-4006-8413-c590098fc46a,Joshua Mann,154,2016-09-03,2017-08-31,856.00,51.36,907.36,returning
013b644d-5645-44bd-8ca3-d7d254b2ba18,Keith Cook,151,2016-09-02,2017-08-31,1665.00,99.68,1764.68,returning
3d2423f0-cecf-4060-b105-96b04f2ea442,Henry Zamora,129,2016-09-04,2017-08-24,736.00,44.16,780.16,returning
94e0e084-e14c-4061-80da-7e6030bf14d5,Ryan Austin,90,2016-09-05,2017-08-29,1810.00,108.47,1918.47,returning
cbda2de6-06db-4a9f-91af-cc36e8ba0bad,Wyatt Bates,86,2016-09-05,2017-08-22,964.00,57.73,1021.73,returning
9094466a-3714-44da-802d-85c2317b80e5,Joshua Gallagher,30,2016-09-17,2017-08-26,1592.00,95.51,1687.51,returning
f84190e8-5c4a-4bec-be4d-2e554dd46614,Erik Gordon,37,2016-09-18,2017-08-27,1314.00,78.77,1392.77,returning
bbc4757e-2351-486e-9ca8-f73b9dac716f,Barbara Pearson,102,2016-09-21,2017-06-19,1236.00,74.04,1310.04,returning
7745384f-ccaa-4363-a18b-5e9ff0a824c0,Emily Barnes,94,2016-09-22,2017-06-20,1096.00,65.71,1161.71,returning
723f776c-3ad0-4fa2-8177-a80f2cab59d9,Darryl Green,127,2016-09-22,2017-06-20,1582.00,94.76,1676.76,returning
176aa5a0-a79f-4429-84fb-73d501c7e219,Charlene Robinson,71,2016-09-22,2017-06-14,794.00,47.60,841.60,returning
1095b08b-dad8-473d-9ec9-bafeb20e71c9,Tamara Hinton,36,2016-10-30,2017-08-27,1903.00,114.18,2017.18,returning
1233e680-06d7-4b38-8c6e-796ef158556a,Chad Walsh,124,2016-11-02,2017-08-30,695.00,41.70,736.70,returning
3810f8e6-9278-4c26-9be0-d6d6c35fe477,Ashley Mcdaniel,166,2016-11-02,2017-08-31,933.00,55.98,988.98,returning
d285a28f-6fa3-4c70-9469-73e7fe1787ae,Elizabeth Ryan DVM,41,2016-11-05,2017-08-27,1438.00,86.19,1524.19,returning
2a26f327-c9ef-40f4-bb8c-c809417caad1,Danny Walker,156,2016-11-07,2017-08-31,884.00,53.04,937.04,returning
baa48fe5-b7a4-4ea7-8eaf-5387ded157f7,Tracy Santiago MD,110,2016-11-09,2017-06-20,1194.00,71.53,1265.53,returning
b69dd468-7a0d-45e5-951c-ead1fcda2225,David Cooper DDS,36,2016-11-12,2017-08-27,636.00,38.09,674.09,returning
ce73a9b8-27f8-4c9f-941c-4b99a646fb32,Kenneth Hudson DDS,101,2016-09-04,2017-08-27,1984.00,118.80,2102.80,returning
d82c6a2f-7e02-40de-81c3-c42ef14d8460,Jerry Thompson II,53,2016-09-02,2017-08-31,544.00,32.59,576.59,returning
66983396-cb40-4613-8d6d-306b8f9ca5c4,Alexander Burke,207,2016-09-02,2017-08-30,1151.00,69.06,1220.06,returning
58491188-36e5-4fb3-ab3b-514e78a270a6,Brenda Miller,115,2016-09-02,2017-08-30,1340.00,80.27,1420.27,returning
3870073a-f764-4a2b-bc64-18e4569bf784,Elizabeth Shea,76,2016-09-01,2017-08-22,875.00,52.44,927.44,returning
40cff0ad-5c91-46bc-b72b-737347aafb25,Carrie Russell MD,43,2016-09-04,2017-08-27,2241.00,134.46,2375.46,returning
41db9c8c-af73-46c6-b7aa-64cee86dbe41,Brad Hogan,38,2016-09-10,2017-08-26,1359.00,81.49,1440.49,returning
34ec60c6-4248-4ad1-8dd9-759b309578a4,Leah Estrada,124,2016-09-21,2017-06-19,1606.00,96.23,1702.23,returning
49a962c3-f4f1-4c85-accc-a1e3a243a202,Larry Gilmore,100,2016-09-22,2017-06-20,1133.00,67.90,1200.90,returning
4671e25f-30dd-4e69-bd9f-8b7f48135732,Matthew Chapman,93,2016-09-22,2017-06-20,1118.00,66.95,1184.95,returning
7d624fe1-d3a6-4326-a6e6-32ebc0c46ea9,Mark Mitchell,113,2016-09-22,2017-06-20,1257.00,75.31,1332.31,returning
15b9a6ba-816d-4956-936f-2894eff8b72d,Casey Martinez,68,2016-09-22,2017-06-16,770.00,46.15,816.15,returning
71c65b56-3757-459a-ac5b-b50c76fb6a5e,Tanner Mullen,62,2016-09-23,2017-06-13,683.00,40.92,723.92,returning
359ce707-dfea-41f8-be3e-8689b460486f,Ronnie Knight,29,2016-10-22,2017-08-26,2569.00,154.08,2723.08,returning
1069ad16-5cc8-4f60-83a5-08e7e0beeb5c,Brendan Hawkins,77,2016-10-27,2017-06-16,940.00,56.33,996.33,returning
e77008c8-b7e1-4bb6-93d8-8383d6385531,Michael Acosta,189,2016-10-27,2017-08-31,1089.00,65.34,1154.34,returning
191feb1d-2def-4cbf-a8f8-ee3eb3856ea2,Adam Rowe,139,2016-10-28,2017-08-30,777.00,46.62,823.62,returning
e0cbd2e1-eee7-409c-9cf1-707eb4f867ce,Christopher Torres,126,2016-11-03,2017-08-31,1387.00,83.12,1470.12,returning
875e080f-6237-421c-b26b-433b3b0c6584,Dr. Matthew Hancock,113,2016-11-05,2017-08-31,628.00,37.68,665.68,returning
d23755ac-d315-4dfd-ae80-4fa042f7d833,John Brewer,141,2016-11-06,2017-08-31,805.00,48.30,853.30,returning
47334d60-a9ec-4cf6-8af3-a2d030a6062f,Ryan Carpenter,58,2016-11-07,2017-06-15,689.00,41.30,730.30,returning
0a42e609-2a53-4824-bf02-0088bdb9b149,Sharon Sawyer,86,2016-11-11,2017-08-28,1937.00,116.04,2053.04,returning
84ee8f13-e5a2-4988-8f65-daa65801c5d1,Dylan Lopez,203,2016-09-01,2017-08-31,1146.00,68.76,1214.76,returning
117c9a65-4a4c-494f-8a54-64305d57c551,John Anthony,120,2016-09-06,2017-08-28,1262.00,75.62,1337.62,returning
400ec64f-461d-45c5-b45e-b5c8dc21b4e1,Sara Valentine,30,2016-11-05,2017-08-27,525.00,31.42,556.42,returning
143944c0-b4d0-48f7-ac1f-6ffaeff64a70,Lydia Khan,155,2016-11-11,2017-08-30,874.00,52.44,926.44,returning
a5781cf5-d32e-4370-b0f8-4f229bc0efa4,Madison Davis,176,2016-11-14,2017-08-31,988.00,59.28,1047.28,returning
cec4dd97-5c6e-415b-ba06-47dc8ef4570f,Terry Rice,91,2016-11-15,2017-08-28,1073.00,64.24,1137.24,returning
7528c8de-b892-4894-8892-94a29730aa9c,Andrea Moore,106,2016-11-16,2017-08-31,1073.00,64.28,1137.28,returning
1826e2e6-ccef-4719-8707-4c18ec953356,Misty Reed,120,2016-11-17,2017-08-31,1275.00,76.34,1351.34,returning
5daa5d95-314b-4f5e-8926-8d61c9d4daa1,Mr. Adam Carey,119,2016-11-17,2017-08-23,646.00,38.76,684.76,returning
19a47a26-3ca3-42d2-9e2d-8da79f09b587,Suzanne Farley,99,2016-11-16,2017-08-30,1921.00,115.11,2036.11,returning
ac4632eb-3a22-4956-896e-0a3899a647f1,Deborah Page,91,2016-11-21,2017-06-20,1070.00,64.06,1134.06,returning
890861ac-5e77-4568-aaff-807b37e6f872,Caitlyn Hill,155,2016-11-21,2017-08-31,866.00,51.96,917.96,returning
f7989645-3a12-42f6-a926-2a7388aeb297,Stacy Ibarra,89,2016-11-21,2017-06-20,943.00,56.49,999.49,returning
f4c4994a-5a77-4a2f-902b-4f69c22ccee3,Melissa Roberts,66,2016-11-24,2017-08-31,815.00,48.77,863.77,returning
d6cf7caa-9dd8-48c6-b4ee-5a02f62bb280,David Webb,122,2016-11-24,2017-08-30,702.00,42.12,744.12,returning
04edb858-b8d9-455a-a1f2-f236df11a91f,Curtis Moore,102,2016-11-25,2017-06-20,1069.00,64.09,1133.09,returning
19fee9df-73a9-41e9-9777-18d2a79ab8b4,Amy Garcia,143,2016-11-24,2017-08-31,791.00,47.46,838.46,returning
387603c1-d2a6-475e-ab4c-9ba7aa78bb27,James Thomas,70,2016-11-28,2017-06-19,747.00,44.79,791.79,returning
125d87d5-a36a-4f4e-865c-3122386e88ca,Dale Berry,172,2016-11-28,2017-08-31,980.00,58.80,1038.80,returning
bb0bc182-b8f7-4f26-b794-dca522dd4cec,Christina Ramirez,144,2016-11-28,2017-08-31,813.00,48.78,861.78,returning
ead66f31-3437-42c5-9145-8281898ce326,Rachael Hobbs,173,2016-11-30,2017-08-31,985.00,59.10,1044.10,returning
b91c4cbb-67d6-4515-b897-dd13e44c1101,Michelle White,77,2016-12-01,2017-08-30,850.00,50.89,900.89,returning
adf0d9db-c6a0-4226-a93f-30482ccd9d28,Donald Thomas,177,2016-12-01,2017-08-31,975.00,58.50,1033.50,returning
36df5a68-777a-4824-9342-f7f557e872ba,Kimberly Barnes,95,2016-12-04,2017-08-29,516.00,30.96,546.96,returning
a1be3ec3-e6d6-43ba-8011-02ffe7491e78,Jeffery Harrison,68,2016-12-06,2017-06-16,825.00,49.43,874.43,returning
848c50eb-5e2a-4b53-b6b9-751bfad107b7,Cynthia Owens,92,2016-12-06,2017-08-30,897.00,53.74,950.74,returning
017413ff-58e5-4097-93e6-84f98038b20b,Angela Stephens,81,2016-12-07,2017-06-19,947.00,56.70,1003.70,returning
367f1e9a-938e-4d15-8ec1-50ce91fef6ce,Virginia James,57,2016-12-07,2017-08-22,626.00,37.48,663.48,returning
fa08fd03-3569-400d-9d63-e8ae15712195,Cody Gonzalez,152,2016-12-07,2017-08-31,852.00,51.12,903.12,returning
28a5a7b8-b34b-47a6-91f7-8e384d6b6f59,Mark Jenkins,83,2016-12-12,2017-08-30,1805.00,108.12,1913.12,returning
41653b96-0020-4b26-86da-cb8f9aac99a0,Heather Gomez MD,74,2016-12-13,2017-08-31,1621.00,97.09,1718.09,returning
ff29ece6-95da-4800-acd2-b14950a339dd,Melissa Sanders,162,2016-12-09,2017-08-31,906.00,54.36,960.36,returning
3f78077b-93c7-4c4e-8976-f16cb11cfcfc,Brenda Kent,113,2016-12-13,2017-08-29,1113.00,66.69,1179.69,returning
2ef9867e-e76c-4d07-8089-7935ba03ca03,Ashley Bradley,50,2016-12-14,2017-06-19,564.00,33.79,597.79,returning
6bb3949d-b446-4beb-bcc9-01846e7ef85f,Nicole Martin,116,2016-12-15,2017-08-23,634.00,38.04,672.04,returning
04b679f3-0691-47bc-975a-fdac41f52db4,Matthew Grant,149,2016-12-16,2017-08-31,851.00,51.06,902.06,returning
4b503eb1-da2e-4115-8f64-b4dc888db448,Joshua Wells,26,2016-12-17,2017-08-27,1820.00,109.13,1929.13,returning
90249383-3427-4005-a185-d20f5542dae5,Christopher Villa,91,2016-12-17,2017-06-19,994.00,59.53,1053.53,returning
598904ac-fa48-43af-8fe9-41388451ae53,Debra Hall,67,2016-12-19,2017-08-27,1475.00,88.35,1563.35,returning
2068f48f-4c39-4084-81d1-95af149d8547,Sharon Sims,117,2016-12-19,2017-08-31,1305.00,78.16,1383.16,returning
dec2b1be-3447-4044-b4e3-17848dfd390e,Diane Marshall,113,2016-12-19,2017-08-30,640.00,38.40,678.40,returning
2977486c-8467-4a72-a290-db87a9022320,Michael Walker,150,2016-12-22,2017-08-31,848.00,50.88,898.88,returning
26b9f21d-cabb-40f3-b28e-71549d01a6e1,Lynn Ramirez,24,2016-12-25,2017-08-20,1270.00,76.19,1346.19,returning
2dc965e2-d3fc-4bc8-a118-d1636dbfe8c5,Sarah Thomas,85,2016-12-13,2017-06-20,1024.00,61.32,1085.32,returning
1fcec697-8153-4717-a361-5a4257e0c9b7,Courtney James,45,2016-12-26,2017-06-20,512.00,30.69,542.69,returning
55ae024c-4a5e-49d8-be84-2f493dc83880,Christopher Schmidt,75,2016-12-26,2017-06-16,865.00,51.81,916.81,returning
71972ade-a5de-461b-aac8-49774ccb1a4a,Casey Barnes,132,2016-12-26,2017-08-31,768.00,46.08,814.08,returning
a6e1b4c7-24c0-48ca-96ee-6d0a46348a82,Michael Baker Jr.,49,2016-12-28,2017-06-20,548.00,32.82,580.82,returning
bde10f4a-86e5-45d2-b176-3ec1222265c1,Vincent Clark,83,2016-11-30,2017-06-19,991.00,59.35,1050.35,returning
ed7f8737-2c99-408f-afd0-f91c740e414c,Sarah Ross,150,2016-12-05,2017-08-31,844.00,50.64,894.64,returning
6b9cd81e-126c-4c53-b6b5-575d78951256,Andrea Randall,155,2016-12-19,2017-08-30,870.00,52.20,922.20,returning
b8ccafb8-eae9-4e35-beb2-afbc3cb9690c,Zachary Holland MD,50,2016-12-29,2017-06-20,660.00,39.55,699.55,returning
2aaf9fc4-0801-4163-8cc8-39558682f704,Maria Cherry,139,2017-01-04,2017-08-31,782.00,46.92,828.92,returning
7e06ea60-a336-46ee-a77d-ca114267af0d,Alyssa Riddle,65,2017-01-05,2017-08-30,679.00,40.67,719.67,returning
8aff4c2d-48b5-4b85-bf21-20ad95d18b6c,George Farrell,98,2017-01-06,2017-08-31,1070.00,64.11,1134.11,returning
358fc32a-8446-4c62-b4a1-92b145a689e8,Erin Lucas,99,2017-01-09,2017-08-30,1021.00,61.14,1082.14,returning
8cef9627-37e9-4bad-a5d7-69f87f291c90,Matthew Stewart,96,2017-01-09,2017-08-30,539.00,32.34,571.34,returning
43317971-4c76-44db-9b97-011579286ea5,Christopher Hall,64,2017-01-10,2017-08-29,1487.00,89.02,1576.02,returning
e8e92a9f-bec3-4873-951c-b05d0fe37715,Natasha Wright,102,2017-01-11,2017-08-31,1036.00,62.06,1098.06,returning
7b971d80-7566-4bfa-93b7-b87270c4b732,Arthur Mendoza,68,2017-01-12,2017-08-31,1355.00,81.18,1436.18,returning
d5e5a6a6-cb8d-4d62-8551-298dee7f1f9f,Gregory Werner,88,2017-01-12,2017-08-31,958.00,57.42,1015.42,returning
ef7f92e8-2f80-4e44-9e56-9ee276819791,Shelby Gonzalez,122,2017-01-10,2017-08-29,697.00,41.82,738.82,returning
09a354a5-a7cb-4687-8a52-c4a71feba0d2,Frederick Wiggins,122,2017-01-16,2017-08-31,685.00,41.10,726.10,returning
64fec69e-52e2-471f-9fbc-7a8e33f991bd,Stephen Archer,146,2017-01-16,2017-08-31,814.00,48.84,862.84,returning
6d24a27b-89f9-4e69-8c83-6f87ce5b6d33,Erik Mason,39,2017-01-11,2017-06-15,450.00,26.98,476.98,returning
35bb651c-499f-433f-b5af-b793b285e727,Jesse Moore,61,2017-01-17,2017-08-28,1221.00,73.12,1294.12,returning
bd463573-d217-4411-9ac0-8b72bd7609cd,Nicole Curtis,117,2017-01-20,2017-08-31,665.00,39.90,704.90,returning
ae6e644d-c310-4f23-84dc-5063fc2e2953,Kimberly Jackson,82,2017-01-25,2017-08-29,463.00,27.78,490.78,returning
341da637-6927-4a64-8183-13ec96005b5f,Carlos Bass Jr.,132,2017-01-25,2017-08-31,748.00,44.88,792.88,returning
3455f0ff-3219-4cd9-acd8-091f34518293,Chris Graves,58,2017-01-26,2017-06-19,631.00,37.80,668.80,returning
40c4aa0f-6d19-4084-820c-5764f87d9184,Alexandria Jarvis,74,2017-01-26,2017-08-31,741.00,44.35,785.35,returning
257291a7-c562-45b7-9229-49a527229518,Traci Landry,42,2017-01-30,2017-06-20,512.00,30.70,542.70,returning
0f8ab48c-b1fa-4600-9712-1bc2a02d8f45,Elizabeth Montgomery,40,2017-02-02,2017-06-16,472.00,28.26,500.26,returning
72fd6924-b954-4c8f-9c0b-2545d0efe53b,John Hughes,129,2017-01-23,2017-08-31,708.00,42.48,750.48,returning
5d24b6bc-2eea-4766-a11d-b0aed43f038a,Cameron Smith,120,2017-02-07,2017-08-31,671.00,40.26,711.26,returning
9c98b2d4-f4f3-440f-b28d-0e1ca7a152a5,Jacob Brown,49,2017-02-09,2017-08-28,1240.00,74.33,1314.33,returning
f78c30cb-fcda-4209-9aea-0ae7ce4f7b81,Alyssa Martinez,19,2017-02-09,2017-08-28,267.00,15.99,282.99,returning
a0f290f7-884a-4d5d-b502-f43702abb2db,Rhonda Gomez,19,2017-02-12,2017-08-12,1338.00,80.21,1418.21,returning
66dda3b2-66cf-4b2b-90b2-91abe28f6aa4,Stephanie Williams,58,2017-02-13,2017-08-31,574.00,34.40,608.40,returning
b6552330-9932-4624-8855-b5b7aa13d3f4,Ann Morris,89,2017-02-15,2017-08-31,497.00,29.82,526.82,returning
d88e53e9-6885-44c1-a0ce-e8ea44f2dcfc,Nicole Hall,59,2017-02-23,2017-08-28,686.00,41.11,727.11,returning
5350fafc-45eb-4871-a195-d1cc090f9d9c,Christopher Graham,113,2017-02-22,2017-08-31,619.00,37.14,656.14,returning
8a77ab59-ae1e-4b71-ab66-66bda4615cfd,Amy Taylor,99,2017-02-23,2017-08-31,563.00,33.78,596.78,returning
07ef23e6-1d65-4721-a3ce-889f1c58f021,Wendy Bowman,120,2016-09-21,2017-06-19,1375.00,82.39,1457.39,returning
2030e11b-f809-402e-8a1e-00aa3cb751da,Aaron Wilson,107,2016-09-03,2017-08-31,2052.00,122.97,2174.97,returning
d1a4b7a2-e152-4377-ad2c-08cb61ad6688,Rachel Rodriguez,34,2016-09-18,2017-08-20,1825.00,109.50,1934.50,returning
3cc240f8-bb78-4677-a387-18bb7667c3ea,Arthur Evans,109,2016-09-22,2017-06-16,1266.00,75.88,1341.88,returning
e2141773-bfb8-4698-a4da-2be4540c14a5,Micheal Ross,90,2016-11-01,2017-08-29,1932.00,115.75,2047.75,returning
6a0e8a99-d39a-4600-9876-1344b693450f,Amy Andrade,54,2016-11-01,2017-08-24,607.00,36.40,643.40,returning
899ea741-e615-4f9e-ad30-286f6f306f00,Mr. Jeremy Cameron,145,2016-11-10,2017-08-31,796.00,47.76,843.76,returning
0db82818-585b-4e3f-9898-2a72727c2e42,Mary Pacheco,150,2016-11-14,2017-08-31,860.00,51.60,911.60,returning
15aeedcc-eed4-453e-850c-7f876e54c4ab,Robert Lang,56,2016-11-21,2017-08-30,652.00,39.06,691.06,returning
bbce772f-b9b7-49f2-b79e-fa5d953ced6b,Debbie Lopez,127,2016-11-22,2017-08-30,1399.00,83.80,1482.80,returning
8f40d15b-7ab5-4fdb-b9a0-767514af456f,Karen Obrien,78,2016-12-13,2017-06-20,893.00,53.45,946.45,returning
0e7b96a0-3300-42a0-b46a-0376d91610eb,Tammy Watson,114,2016-12-20,2017-08-31,653.00,39.18,692.18,returning
3fa371d4-77dd-4e91-9a2f-86801b001903,Diane Davis,70,2016-12-22,2017-08-30,1407.00,84.29,1491.29,returning
2251b079-d6df-4d71-bd74-d2a00e841a9d,Jonathan Bennett,31,2016-12-24,2017-08-05,1098.00,65.81,1163.81,returning
59292cdf-6314-4444-aee9-45a78c76dcbe,Paige Lawson,88,2016-12-30,2017-08-31,965.00,57.78,1022.78,returning
7bd64d99-cfe2-4e61-aed9-8b6f3d410468,Kaitlin Hall,87,2017-01-02,2017-06-20,1000.00,59.90,1059.90,returning
b4eb2e6a-e0ab-46b4-8a7a-cb2e92d8e009,Erin Baker,34,2017-01-07,2017-08-19,1211.00,72.60,1283.60,returning
13ae1187-ebff-4588-bbf0-db26b1bbb598,Richard Cannon,134,2017-01-06,2017-08-31,742.00,44.52,786.52,returning
6058494e-8390-41a7-9c1b-182902dda8db,Stephanie Williams,133,2017-01-16,2017-08-31,735.00,44.10,779.10,returning
0327ed4c-b4a3-4746-9221-3bb172a05c50,Justin Duarte,89,2017-01-17,2017-08-31,491.00,29.46,520.46,returning
e6e0c2ef-00b6-4d38-a129-32d4aa4e795d,Derek Cox,121,2017-01-18,2017-08-31,689.00,41.34,730.34,returning
1fcfe435-1e78-4646-a517-19906c49735a,Deanna Torres,95,2017-01-19,2017-08-31,1051.00,62.99,1113.99,returning
3f5140d0-d9ef-4655-a6ab-69e5e6921143,Christian Mathis,11,2017-01-21,2017-08-20,961.00,57.60,1018.60,returning
e039c2ef-fe4c-4d60-97ee-99d043299f0e,Scott Chaney,63,2017-01-23,2017-08-28,1406.00,84.21,1490.21,returning
22a4c19e-c3ff-455d-8a3b-d4a9bd6b8334,Victor Ramos,60,2017-02-03,2017-08-30,734.00,43.98,777.98,returning
13b24541-2c78-41cb-a6b6-e8713ab9a16f,Bethany Baker,75,2017-02-03,2017-08-31,412.00,24.72,436.72,returning
ab833d6f-87cf-4229-a1f8-707b52a55e5e,Luis Francis,63,2017-02-12,2017-08-31,1364.00,81.77,1445.77,returning
7532eee7-0f38-4249-9459-e40b83d75db2,George Bennett,45,2017-02-15,2017-06-16,536.00,32.12,568.12,returning
9455079c-4344-4995-939d-8184d7eb02e7,Douglas Shelton,114,2017-02-15,2017-08-31,650.00,39.00,689.00,returning
cb969dd8-a609-4b10-b213-d1011a90ef2b,Theodore Anderson,20,2017-02-19,2017-08-26,1051.00,63.06,1114.06,returning
771f8441-b432-4b8a-8f8c-8890904c8a52,Kayla Brooks,62,2017-02-21,2017-08-24,1352.00,81.03,1433.03,returning
167ce993-af12-4071-a5cb-fb3f09045741,Jennifer Singh,122,2017-01-07,2017-08-30,671.00,40.26,711.26,returning
b5b5a474-4e05-47bf-b9a2-872e5dc9a328,Dwayne Johnson,52,2017-02-08,2017-08-27,1094.00,65.56,1159.56,returning
117583ee-3cd8-4690-89c9-d804aedc86a8,Carol Lee,52,2017-02-24,2017-08-31,1076.00,64.49,1140.49,returning
0d0eb3cb-f3ad-4673-8ef1-3b4600242421,Mikayla Rivera,22,2017-02-25,2017-08-27,1154.00,69.24,1223.24,returning
bea5ef1d-43b9-4df5-b3d1-436f675ec066,Daniel Cuevas,61,2017-02-26,2017-08-31,1356.00,81.27,1437.27,returning
96e4788e-210c-4cc9-97f7-b6b855134e0b,Lori Williams,40,2017-02-28,2017-08-25,422.00,25.27,447.27,returning
40da201b-b0f6-453a-97ca-b9d61306ad15,Brandon Parker,78,2017-03-01,2017-08-29,884.00,52.96,936.96,returning
285bfea1-4dec-4f9d-a9f6-3b3cb20fdde9,Joshua Turner,102,2017-03-02,2017-08-31,585.00,35.10,620.10,returning
a5f46489-06cf-45af-9efd-dbd27067716c,Brittany Turner,85,2017-03-02,2017-08-30,475.00,28.50,503.50,returning
4ecae9d3-e8de-48eb-baf6-e76c81c58c66,Mr. Clayton Kramer,52,2017-03-03,2017-06-20,685.00,41.03,726.03,returning
a98f640e-492a-445a-8a0d-7d444e98f1a9,Carrie Abbott,67,2017-03-07,2017-08-29,709.00,42.47,751.47,returning
e50d93de-3e78-4f09-8406-df4f27f26c8f,Leslie Conner,83,2017-03-08,2017-08-25,467.00,28.02,495.02,returning
10d7cb3c-5a86-4eae-9da6-611ddf67fdd8,Stephanie Hanna,82,2017-03-08,2017-08-30,917.00,54.92,971.92,returning
c6abaffa-11df-4987-9806-71dced92f534,Elizabeth David,29,2017-03-08,2017-08-29,300.00,17.96,317.96,returning
fe1ef2c8-17e9-4560-bca8-d42ce43d899f,James Jordan,57,2017-03-08,2017-08-28,689.00,41.28,730.28,returning
4cd79f83-9fc7-43e4-a4c1-89402b7124e1,John Price,83,2017-02-09,2017-08-31,850.00,50.94,900.94,returning
71ed3bfb-d094-47b4-bd02-9589f31e4c1d,Kyle Jones,99,2017-03-09,2017-08-31,548.00,32.88,580.88,returning
3e28e5b6-fe21-474e-b5bc-95ac85c187ad,Rebecca Torres,92,2017-03-10,2017-08-31,525.00,31.50,556.50,returning
0a34659d-f0b2-4bdb-bf92-759aea838e90,Edward Bush,19,2017-03-11,2017-08-19,991.00,59.46,1050.46,returning
b0581066-18c7-4fcf-8fa6-a671cb141ca5,Richard Li,48,2017-03-12,2017-06-20,586.00,23.44,609.44,returning
e0df02ff-f788-4191-9881-df0d6c775206,Todd Cook,64,2017-03-12,2017-08-31,371.00,14.84,385.84,returning
e8da2040-0489-4880-a881-ef127727f204,Natalie Hatfield,46,2017-03-12,2017-08-22,1049.00,41.94,1090.94,returning
c50959f1-d990-44ff-837f-4062c769ae54,Megan Sharp,24,2017-03-12,2017-08-27,416.00,16.64,432.64,returning
b01b46fd-8f75-4db5-806d-c5c5980008c4,Paul Gomez,77,2017-03-12,2017-08-31,427.00,17.08,444.08,returning
53ed5bac-fa7d-4b1d-a73c-6c2b9845c1d1,Ryan Garcia,13,2017-03-12,2017-08-27,902.00,36.08,938.08,returning
89c10b53-36ee-4f1c-8430-7090dbf04a44,Courtney Martinez,21,2017-03-12,2017-08-26,1114.00,44.56,1158.56,returning
8fd99d74-d73b-4014-a8fa-a37b39befe36,Manuel Mooney,63,2017-03-12,2017-08-31,830.00,33.20,863.20,returning
fa2a460e-af12-4197-b38d-d2822d96e879,Douglas Coffey,20,2017-03-12,2017-08-27,353.00,14.12,367.12,returning
4a81b4c3-9e04-4757-a7c6-3191447eadc3,Holly Walker,25,2017-03-12,2017-06-14,306.00,12.24,318.24,returning
9adbebb4-c5dd-473e-b0ca-c36f10577392,Amanda Fowler,22,2017-03-12,2017-08-26,1143.00,45.72,1188.72,returning
d64805ac-2294-4438-af7d-1f1483e8fd7b,Cassandra Torres,62,2017-03-12,2017-08-31,1343.00,53.68,1396.68,returning
18e7baeb-a66e-4a7d-882d-355810698bc3,Brian Bradford,21,2017-03-12,2017-08-27,363.00,14.52,377.52,returning
ec4bebdf-042b-4c0a-9846-f86a1a9685e9,Tricia Garcia,60,2017-03-12,2017-08-31,646.00,25.84,671.84,returning
5bf14829-99bd-4d3c-b504-edd1e45593a0,Henry Harris,71,2017-03-12,2017-08-31,387.00,15.48,402.48,returning
a3c5ffdb-8383-4846-a0c1-c9bf88ba6832,Charles Allen,21,2017-03-12,2017-08-19,748.00,29.92,777.92,returning
c502b1f4-b287-444d-b643-953150ebee0d,Daniel Greer,63,2017-03-12,2017-08-31,343.00,13.72,356.72,returning
e9415456-41d5-4caa-84d2-e8a6d49cb1ae,Christopher Benitez,21,2017-03-12,2017-08-12,369.00,14.76,383.76,returning
416cd82a-8e13-48b3-a6e1-dadbf5a29d2d,Kathleen Lucas,25,2017-03-12,2017-08-30,258.00,10.32,268.32,returning
f9c2b37f-2e88-4008-a277-99f35c4760bf,John Phillips,70,2017-03-12,2017-08-30,388.00,15.52,403.52,returning
3207b0f3-9af4-4ba4-acb1-6ba8ea25f52e,Kevin Arroyo,70,2017-03-12,2017-08-31,762.00,30.48,792.48,returning
425be648-8195-4636-880e-d86e4cd8e38f,Angela Roberson,56,2017-03-12,2017-08-28,1167.00,46.67,1213.67,returning
4ba45839-9bf9-4071-b1ca-52719a49c9fa,Heather Ferguson,13,2017-03-12,2017-08-26,1139.00,45.56,1184.56,returning
80968676-93cd-4bf5-a9f9-595055ff800a,Dr. Ryan Wright,18,2017-03-12,2017-08-13,1313.00,52.52,1365.52,returning
3b0faafa-80d0-490d-bdd0-fe1f13d22058,Victoria Terrell,21,2017-03-12,2017-08-27,377.00,15.08,392.08,returning
c052cca8-a71b-4e49-b713-c012bcfce146,Noah Jones,30,2017-03-12,2017-06-16,313.00,12.52,325.52,returning
b08f3b44-9c9f-407f-a89d-961068f5f58c,Erin King,51,2017-03-12,2017-08-31,977.00,39.08,1016.08,returning
aa0533fd-252b-49cb-8070-77b5c88b04ee,Sandra Myers,88,2017-03-12,2017-08-31,497.00,19.88,516.88,returning
863114b5-ba0b-4849-bbc4-d76d59fd0215,Gregory Moore,57,2017-03-12,2017-08-31,321.00,12.84,333.84,returning
4b14013f-d7e7-44b8-a287-329bf6e298c3,Patricia Williamson,93,2017-03-12,2017-08-31,520.00,20.80,540.80,returning
b30877a4-5c8f-4cdb-94ea-3569b516061a,Melissa Wilkinson,34,2017-03-13,2017-08-31,356.00,14.24,370.24,returning
8fe1e8f7-9891-4978-ae6c-34234f35c728,Paula Garcia,41,2017-03-13,2017-08-31,433.00,17.32,450.32,returning
53352c2c-02b9-41af-b276-94d6d22379fe,Dana Wolfe,104,2017-03-13,2017-08-31,563.00,22.52,585.52,returning
019bbbbd-bb75-49d2-8d74-d1c01012bd21,David Nguyen,68,2017-03-13,2017-08-31,732.00,29.28,761.28,returning
d45ce04e-1258-4744-ab7d-af982c28565d,Jordan Mccullough,93,2017-03-13,2017-08-31,525.00,21.00,546.00,returning
7755a749-3460-4f0c-a33c-428dccd20885,Shannon Baker,104,2017-03-13,2017-08-31,586.00,23.44,609.44,returning
0f708081-5838-40db-84a9-ca8b6845336f,Monica Bender,44,2017-03-13,2017-08-30,969.00,38.76,1007.76,returning
ce69d742-4723-467f-9e5d-262fff84a6a6,Jeffrey Cannon,101,2017-03-13,2017-08-30,556.00,22.24,578.24,returning
913a8985-53b2-4a69-b2a2-3e44370275d4,Jason Rodriguez,54,2017-03-13,2017-06-20,628.00,25.12,653.12,returning
cc6e430a-d0ba-4c08-8809-84cbb2347a9f,Alec Ayala,33,2017-03-13,2017-06-20,387.00,15.48,402.48,returning
5f2b73d5-f495-401c-82ee-47cf4886bfa2,Matthew Harper,42,2017-03-13,2017-08-29,459.00,18.36,477.36,returning
e7e3f8e8-5e9a-4cea-90ea-8ba71ec98685,Michelle Tran,39,2017-03-13,2017-06-19,424.00,16.96,440.96,returning
7902cccb-bb75-45ac-92b3-688e65d231bb,Kimberly Coleman,31,2017-03-13,2017-06-20,278.00,11.12,289.12,returning
b81636bb-71f3-4ace-8eb7-628abe1eac07,Heather Mason,41,2017-03-13,2017-06-20,499.00,19.96,518.96,returning
b66b0e13-b74e-40e7-b3e7-1583f2f08a9b,Samantha Coleman,106,2017-03-13,2017-08-30,581.00,23.24,604.24,returning
b65fff66-1997-4dd8-bc91-1349a415e4a0,Madeline Smith,106,2017-03-13,2017-08-30,579.00,23.16,602.16,returning
05e61dfb-4365-41c3-8f86-f9b259998765,Nancy Jackson,41,2017-03-13,2017-06-16,440.00,17.60,457.60,returning
31006b42-8446-43cf-bd23-af4d84ca2c85,Susan Odom,97,2017-03-13,2017-08-31,533.00,21.32,554.32,returning
8f06b288-f9eb-454f-adef-47f12b7572d7,Megan Baker,49,2017-03-13,2017-08-30,528.00,21.12,549.12,returning
d18e4429-67b8-4ac0-8d74-6c1d026d15a7,Adam Roberts,90,2017-03-13,2017-08-31,518.00,20.72,538.72,returning
83864095-dda9-4a16-ab3a-ba6429fa3dbd,Sarah Robertson,113,2017-03-13,2017-08-31,633.00,25.32,658.32,returning
45ed3c5a-3c94-463b-91d2-73d3333fe5fc,James Calderon,104,2017-03-13,2017-08-30,575.00,23.00,598.00,returning
68f7b3c8-c205-42bc-bb75-a97603ceab5f,Jerry Kelly,39,2017-03-13,2017-06-16,445.00,17.80,462.80,returning
89c8f0cc-3bd3-4bf1-9560-ae8aad1315ce,Douglas Brown,44,2017-03-13,2017-06-20,497.00,19.88,516.88,returning
8e5c2f29-44ce-4f60-b818-8b728f60b79b,Brendan Rodriguez,47,2017-03-13,2017-08-24,533.00,21.32,554.32,returning
fd9f1577-416e-472f-aad7-7bd5c56293f5,Emily Dunlap,97,2017-03-13,2017-08-31,504.00,20.16,524.16,returning
9813cce1-ec92-4b06-b6e3-ed8a73e34436,Jill Reynolds,65,2017-03-13,2017-08-31,763.00,30.52,793.52,returning
4d9a6ab4-f181-4f8c-9beb-e4cd9774b5d7,Wyatt Carter,98,2017-03-13,2017-08-31,557.00,22.28,579.28,returning
d6914b8f-0d72-4044-a61b-055adb02f005,Robert Allen,102,2017-03-13,2017-08-31,571.00,22.84,593.84,returning
c9750567-c933-4797-9313-ec159ddcb6d2,Steven Huang,109,2017-03-13,2017-08-31,616.00,24.64,640.64,returning
4232e434-92ef-4ff9-a069-d1e5312ebda2,Steven Carter,104,2017-03-13,2017-08-31,584.00,23.36,607.36,returning
06a161e4-302f-4ae9-b96b-2734ad33f946,Laura Taylor,57,2017-03-13,2017-08-30,520.00,20.80,540.80,returning
bf060a41-af0e-4932-b757-4f010ccf07f1,Malik Cain,76,2017-03-13,2017-08-29,893.00,35.72,928.72,returning
0488eb84-da07-441d-ba11-055850946457,Cynthia Thomas,84,2017-03-13,2017-08-31,478.00,19.12,497.12,returning
e52a8700-3ab9-4c47-8a16-e799e997a931,Jean Hansen,22,2017-03-13,2017-06-19,237.00,9.48,246.48,returning
ba2bf5e1-4b63-4bb3-b83a-f10438f84258,Shawna Knox,82,2017-03-13,2017-08-31,465.00,18.60,483.60,returning
2f771a5a-3d76-48e3-985b-b7e91e092c46,Ryan Rose,118,2017-03-13,2017-08-31,652.00,26.08,678.08,returning
c108b321-1696-4fbd-8457-87fd61ca65d8,Courtney Dunlap,103,2017-03-13,2017-08-31,567.00,22.68,589.68,returning
1bc088f8-fdf1-442f-9491-1287abc066d3,John Barton,101,2017-03-13,2017-08-31,566.00,22.64,588.64,returning
495a6541-1c93-4076-90e3-345d72d9c83c,Jermaine Young,43,2017-03-13,2017-06-20,581.00,23.24,604.24,returning
bf03895d-6d44-49a2-8183-81c4e89eac75,Valerie Russo,107,2017-03-13,2017-08-31,582.00,23.28,605.28,returning
e6173937-b216-46db-b863-ec7526285150,Patricia Patterson MD,111,2017-03-13,2017-08-31,595.00,23.80,618.80,returning
b43d4e7f-d2c2-4f0e-a706-cfd02d61a398,Duane Martin,43,2017-03-13,2017-06-15,506.00,20.24,526.24,returning
cbd53684-acf0-447d-b61b-35f8bcde6edf,Robert Marsh,46,2017-03-13,2017-06-19,523.00,20.92,543.92,returning
314d5517-f29b-49b2-a076-3abe12756120,Jennifer Davis,108,2017-03-13,2017-08-31,628.00,25.12,653.12,returning
cd8175bc-ff34-4742-8b86-61ec290e632f,Stanley James,25,2017-03-13,2017-06-20,295.00,11.80,306.80,returning
a46b9550-42ae-47e4-9a08-0f32481d5191,Michelle Velez,40,2017-03-13,2017-06-20,524.00,20.96,544.96,returning
466ab61a-8180-4d06-90cc-2a380a0e6f0f,Alexis Gutierrez,46,2017-03-13,2017-08-31,495.00,19.80,514.80,returning
f4c0d073-250c-455a-a84a-848e56ae7048,Melanie Riggs,97,2017-03-13,2017-08-31,535.00,21.40,556.40,returning
d10408ec-2013-471e-b6a9-e3bcf0e25322,Kristin Payne,45,2017-03-13,2017-08-28,479.00,19.16,498.16,returning
7767d63a-0293-4866-ae0a-724670463aa1,Cynthia Martinez,87,2017-03-13,2017-08-29,499.00,19.96,518.96,returning
e69b7e32-9292-400a-b228-b3ecc6727760,Benjamin Williams,46,2017-03-13,2017-06-19,573.00,22.92,595.92,returning
19d5ac88-a8cd-46b8-9f3d-d5ef3a0adfe2,Scott Young,84,2017-03-13,2017-08-29,982.00,39.28,1021.28,returning
e215d555-cc18-4890-8969-89abf72d28ae,Audrey Marshall,97,2017-03-13,2017-08-30,572.00,22.88,594.88,returning
3cbc7f74-54e3-47c2-b02f-229f7ca60a5c,Amanda Young,107,2017-03-13,2017-08-31,576.00,23.04,599.04,returning
6d883826-0157-47c4-a6cc-cb8134bcc6db,Patrick White,66,2017-03-13,2017-08-30,360.00,14.40,374.40,returning
43df30db-068d-40fc-8576-7e2f6e62f2f6,Ellen Henderson,46,2017-03-13,2017-08-30,1024.00,40.96,1064.96,returning
943fb486-16d5-4258-99e7-8340b1862e76,Adam Barrett,42,2017-03-13,2017-06-20,491.00,19.64,510.64,returning
8dcd5fa7-1a1d-413e-9468-5f4b02f2f3fe,Nicholas Jones,96,2017-03-13,2017-08-31,522.00,20.88,542.88,returning
139f4019-998c-4c6f-8c4f-a97a756af68c,Zachary Turner,21,2017-03-13,2017-06-15,221.00,8.84,229.84,returning
529867fe-75f6-4cd9-b913-543b3d6e583c,Michael Rodriguez,62,2017-03-13,2017-08-30,629.00,25.16,654.16,returning
8e312b31-712d-4fc0-84dd-27ff2b1dd09b,David Schroeder,53,2017-03-13,2017-08-30,558.00,22.32,580.32,returning
a4bf9059-6cd4-4e62-9a86-ff20975d7434,Jody Foster,34,2017-03-13,2017-06-20,400.00,16.00,416.00,returning
5960ff74-c2aa-4a55-9cee-c8f0532e2256,Miguel Evans,84,2017-03-13,2017-08-31,908.00,36.32,944.32,returning
e100dd4b-6c96-4036-88a6-8813aa5a718f,Ricky Lawson,40,2017-03-13,2017-08-29,378.00,15.12,393.12,returning
d33f758e-ba0e-463c-ba18-0cd99108c547,Nicholas Meyer,58,2017-03-13,2017-08-30,1257.00,50.26,1307.26,returning
97bbee89-2209-4d9a-9f20-d3327baf7efe,Paul Grant,98,2017-03-13,2017-08-31,561.00,22.44,583.44,returning
4d97e8a1-7720-4190-b326-dccfa2ec4426,Daniel Wells,84,2017-03-13,2017-08-31,474.00,18.96,492.96,returning
9668fd00-799b-4cff-811f-a3e0528d255d,Cory Hansen,113,2017-03-13,2017-08-31,629.00,25.16,654.16,returning
b745eacd-b8ee-4507-82ff-98d3c4daffc7,Elizabeth Cole,41,2017-03-13,2017-06-20,474.00,18.96,492.96,returning
1bcdbd0d-0e2f-4fdf-a8d5-214d3b49c7e2,Misty Robinson,87,2017-03-13,2017-08-31,494.00,19.76,513.76,returning
afa83ff8-2b40-47b8-8bcf-1f9285c11695,Terry Welch,79,2017-03-13,2017-08-31,842.00,33.68,875.68,returning
816f5acb-1a37-44ba-8ce8-25c40cec4d06,Jim Moon,28,2017-03-13,2017-08-29,248.00,9.92,257.92,returning
30380af9-7c90-4e56-9717-61064c5ca79c,Kimberly Evans,96,2017-03-13,2017-08-31,530.00,21.20,551.20,returning
922d63c5-873c-4693-9775-df99ba006ccd,Evan Williams,73,2017-03-13,2017-08-28,707.00,28.28,735.28,returning
12c154ff-46ac-45a7-921c-2404994ecc21,Andrew Foster,93,2017-03-13,2017-08-31,523.00,20.92,543.92,returning
89b94667-2d12-4e7a-bfdd-f37056d10195,David Alvarez,91,2017-03-13,2017-08-31,516.00,20.64,536.64,returning
51d5c171-5764-4f95-8919-dd46d204df4b,Brian Lopez,75,2017-03-13,2017-08-31,406.00,16.24,422.24,returning
748db0ca-899a-4da8-8177-2fa1ec2a9302,Jeremiah Sandoval,92,2017-03-13,2017-08-31,532.00,21.28,553.28,returning
cc6587b9-1ad1-4f99-bb8b-dc23f1621ea6,Francisco Meyer,110,2017-03-13,2017-08-31,602.00,24.08,626.08,returning
12d19891-03e3-455b-b4f2-7d8f8f6b8f01,Michelle Conner,92,2017-03-13,2017-08-31,513.00,20.52,533.52,returning
303bc5db-08d0-4431-b6df-29c80d0321da,Timothy Ferguson,93,2017-03-13,2017-08-31,523.00,20.92,543.92,returning
485b6c22-4f0b-4e0f-bfba-0c9d38a0122d,Christopher Mitchell,78,2017-03-13,2017-08-31,911.00,36.44,947.44,returning
21e6a119-3caa-43ab-9905-08bda65f8493,Jeffrey Brandt,37,2017-03-13,2017-08-29,416.00,16.64,432.64,returning
a59ab98c-fe50-412b-aa83-a693a561092f,Mrs. Denise Allen,67,2017-03-13,2017-08-31,772.00,30.88,802.88,returning
ef097aa6-f4d9-4c16-bc17-a7cc87116f35,Richard Jones,70,2017-03-13,2017-08-30,676.00,27.04,703.04,returning
4da311cb-8e0d-487a-8fdd-4a94529db3e4,Lucas Fields,63,2017-03-13,2017-08-31,702.00,28.08,730.08,returning
3ad60b3b-8b4b-4504-9d49-adfd74fe548c,Kimberly Butler,52,2017-03-13,2017-08-31,609.00,24.36,633.36,returning
d63f06df-5e5d-4adc-b0a5-43b4bac6bf5c,Patricia Webb,96,2017-03-13,2017-08-30,539.00,21.56,560.56,returning
b0fb926f-1c66-426d-b796-e9d801b13122,Mindy Wagner,110,2017-03-13,2017-08-31,620.00,24.80,644.80,returning
f639b5da-4c4d-46ef-8ffe-75cca075bc23,Kimberly Jones,44,2017-03-13,2017-06-19,529.00,21.16,550.16,returning
1acd402c-8758-4f7a-9a24-57636d44ede6,David Garza,108,2017-03-13,2017-08-31,609.00,24.36,633.36,returning
0313557a-f7d4-4834-be26-3977f30a5235,Faith Duncan,46,2017-03-13,2017-06-20,526.00,21.04,547.04,returning
14dec3ce-7570-4c3f-af8c-e9c0d74cfcd2,Katie Keller,83,2017-03-13,2017-08-31,453.00,18.12,471.12,returning
c630fcf6-11c8-465f-9498-0839aee67e55,Ryan Wallace,104,2017-03-13,2017-08-30,591.00,23.64,614.64,returning
993cbf30-efef-49e5-b5ad-7aaf3db149a3,Andrea Jackson,58,2017-03-13,2017-06-19,662.00,26.48,688.48,returning
d4d6e685-70a2-49ea-b511-383a54d18cfa,Mrs. Stephanie Riley,110,2017-03-13,2017-08-31,621.00,24.84,645.84,returning
b169789c-d0e8-4853-819c-555646263d18,Stacy Ferguson,40,2017-03-14,2017-06-19,484.00,19.36,503.36,returning
d4d6c47d-5048-4008-b088-4f13691fbefd,Mr. Christopher Price,52,2017-03-14,2017-08-28,934.00,37.35,971.35,returning
c712217e-16e5-4f51-a9f4-055b5176e747,Donna Crawford,58,2017-03-14,2017-08-31,697.00,27.88,724.88,returning
73d9c423-e9d4-428f-bfaa-b073b2c1f454,Tiffany Logan,82,2017-03-14,2017-08-31,462.00,18.48,480.48,returning
af3dbfea-4df6-42c8-9826-57806904f81c,Leah Miller,76,2017-03-14,2017-08-29,433.00,17.32,450.32,returning
08ed887d-1b8b-4850-a0ef-45b78a04e4d7,Lisa Brown,20,2017-03-14,2017-08-18,202.00,8.08,210.08,returning
3c4b0324-423a-4e3b-884c-c93438a59688,Roger Campbell,43,2017-03-14,2017-06-09,522.00,20.88,542.88,returning
58e0c4db-27d0-4c06-9252-c40364b1ae74,Natasha Thompson,49,2017-03-14,2017-06-20,558.00,22.32,580.32,returning
65dbcba7-fbb7-4837-ace0-5cd3cc5dd4a4,Kyle Saunders,43,2017-03-14,2017-06-20,547.00,21.88,568.88,returning
e83c866a-6830-4488-8842-ce77146d8d41,Jessica Duke,49,2017-03-14,2017-06-20,591.00,23.64,614.64,returning
090fb913-1317-4169-b150-64e304451d38,Devin Cabrera,86,2017-03-14,2017-08-31,490.00,19.60,509.60,returning
103fcba9-e7d7-4b76-b162-0fc8a31cfa6b,Christine Morrison,38,2017-03-14,2017-06-20,447.00,17.88,464.88,returning
28c1b6d1-da1f-4187-98af-4e43f096b00d,Brian Estrada,94,2017-03-13,2017-08-31,539.00,21.56,560.56,returning
f8b1caa2-10e7-4302-963a-252a15b4a714,Tony Lewis,67,2017-03-14,2017-08-28,663.00,26.52,689.52,returning
3a1577eb-7860-498f-936a-da13e16cbd8c,Brandy Joseph,81,2017-03-14,2017-08-30,478.00,19.12,497.12,returning
c8544096-3228-4db0-b3de-4f0da1974b40,Dwayne Gilbert,43,2017-03-14,2017-06-20,528.00,21.12,549.12,returning
2e2960d6-f2e9-4048-b234-fb21f0f72405,Steven Hall,44,2017-03-14,2017-08-28,954.00,38.15,992.15,returning
cf5dd5d1-b2dc-47d4-9be1-b6c0e5b07a12,Casey Miller,54,2017-03-14,2017-06-20,644.00,25.76,669.76,returning
acb70464-ce97-4c94-a4bf-b165bd1b2fed,Kimberly Johnson,38,2017-03-14,2017-06-16,449.00,17.96,466.96,returning
93c6c6a9-16fb-43ad-bd64-1ee5eccdd750,Jacqueline Lewis,37,2017-03-13,2017-06-19,412.00,16.48,428.48,returning
5b6d3273-0554-4f9d-bc05-2157626c1ad0,Victoria Parker,99,2017-03-14,2017-08-31,550.00,22.00,572.00,returning
94638355-4830-4837-8708-12531dc89dbf,Glenn Galvan,56,2017-03-14,2017-08-30,1253.00,50.11,1303.11,returning
54c7fff7-8475-4ccd-a380-7e8187501723,Alejandro Adams,31,2017-03-14,2017-06-20,337.00,13.48,350.48,returning
a0a83e46-f548-4a18-a79a-5ecdd85b6c8e,Patrick Holloway,99,2017-03-14,2017-08-31,563.00,22.52,585.52,returning
b3f95dcd-caf0-4d0c-8890-a7b8e231c6b7,Michael Porter,103,2017-03-14,2017-08-31,581.00,23.24,604.24,returning
2347081e-7ae5-4085-a0d6-d1f551721f69,Henry Strickland,35,2017-03-14,2017-08-28,386.00,15.44,401.44,returning
6da78127-2929-4106-a298-2b58afca0a92,Anthony Dunn,82,2017-03-14,2017-08-29,905.00,36.20,941.20,returning
787f43ea-3f2a-4f90-967d-6479bad4f1a9,Justin Miller,41,2017-03-14,2017-06-20,476.00,19.04,495.04,returning
dcddb844-390f-4861-a4ee-0a32b75bb218,Vanessa Jones,58,2017-03-14,2017-08-30,561.00,22.44,583.44,returning
6deb3adf-b348-4736-a975-af07bea72c06,Brenda Daniel,40,2017-03-14,2017-06-20,481.00,19.24,500.24,returning
c2457423-d813-4e9b-8cac-e77de71eef5d,Douglas Vasquez,95,2017-03-14,2017-08-31,547.00,21.88,568.88,returning
b7428f06-b3dd-477e-8569-96068f3d3dcb,Shari Mills,56,2017-03-14,2017-08-29,1015.00,40.60,1055.60,returning
d6ca14b1-9b55-47f7-be97-787002ca26e5,Robin Reed,109,2017-03-13,2017-08-31,611.00,24.44,635.44,returning
6f2f044e-7270-4c80-8003-fd28bb66c57c,Emily Liu,30,2017-03-14,2017-06-18,356.00,14.24,370.24,returning
0c621caa-4854-43bb-ab8f-74e1f79ba3e4,Michelle Barton,61,2017-03-14,2017-08-30,693.00,27.72,720.72,returning
3cec8c73-424f-46c6-a5a7-cb5cd5141538,Sean Barnes,41,2017-03-14,2017-06-20,444.00,17.76,461.76,returning
866ec748-2021-45f8-9170-6c393fca1e65,Carol Vasquez,90,2017-03-14,2017-08-31,510.00,20.40,530.40,returning
122af8ba-58aa-4655-b297-e90d616f0bf6,Kyle Hart,29,2017-03-14,2017-06-20,367.00,14.68,381.68,returning
859fee02-f1ae-4067-a05f-d5db7dbbb2d4,Aaron Smith,34,2017-03-14,2017-06-20,419.00,16.76,435.76,returning
0c7084bc-19a5-4ad6-bb26-a25f9c09b324,Dustin Andrade,78,2017-03-15,2017-08-31,793.00,47.49,840.49,returning
d50199e3-7c9b-4921-9920-d234b5fc561a,Dominique Reed,49,2017-03-15,2017-08-18,909.00,36.33,945.33,returning
1ed31084-8b68-49ca-91d6-7162d8521c02,Sherri Hernandez,40,2017-03-15,2017-08-30,938.00,37.52,975.52,returning
19296d35-a0df-426f-88ed-d3f5323adb8a,Richard Lawrence,48,2017-03-15,2017-08-31,578.00,23.12,601.12,returning
073c6c4c-9988-45b0-9224-7ad4e69d8c6f,David Perry,53,2017-03-15,2017-08-31,537.00,21.48,558.48,returning
8416975a-1321-43a3-b3e1-577aee3b59ae,Brandon Espinoza,51,2017-03-15,2017-08-29,1105.00,44.19,1149.19,returning
c37c5233-7b26-4427-8ed9-ce36cc9ceb00,Karen Oliver,65,2017-03-15,2017-08-30,734.00,29.36,763.36,returning
6939d1d2-fba3-4888-8c53-6898bb73c26f,Theresa Williams,59,2017-03-15,2017-08-31,633.00,25.32,658.32,returning
4feef355-aeb7-41f9-a391-7f991eeb7b15,Kathleen Hudson,70,2017-03-15,2017-08-31,798.00,31.92,829.92,returning
e58c63e7-69a9-49cb-947e-5841010ca567,Brandy Harrington,100,2017-03-16,2017-08-31,549.00,32.94,581.94,returning
aac35f19-8d02-4c6c-b979-74da55c9ddb1,Fred Gibson,29,2017-03-16,2017-06-20,308.00,12.32,320.32,returning
284f711a-5e5a-4929-bb5d-5ddba9a4a773,Christopher Cain,90,2017-03-15,2017-08-31,512.00,20.48,532.48,returning
58ebbf6d-7eee-4180-aa0d-151621abffcf,William Rodriguez,49,2017-03-16,2017-08-23,1087.00,43.45,1130.45,returning
a30edde1-4a46-4acb-905c-013e285a8101,Pamela Rosales,67,2017-03-16,2017-08-31,687.00,27.48,714.48,returning
eefcf9f0-dbd0-4907-a619-121deeb825dc,Cheryl Jenkins,53,2017-03-16,2017-08-31,504.00,20.16,524.16,returning
f772193d-0b52-429c-ac06-5e9986fefa68,Kimberly Cherry,35,2017-03-17,2017-06-16,377.00,15.08,392.08,returning
a3f993fd-aeaa-43c7-9e5c-9ad7b7c0f8d9,Hannah Davis,14,2017-03-18,2017-08-27,996.00,59.74,1055.74,returning
3d0fd916-f8d9-4f59-9d2f-75d16ed75c58,Lisa Mason,20,2017-03-18,2017-08-27,362.00,14.48,376.48,returning
a4c57aeb-c65a-4a1c-954e-acc7a7ba7c74,Karla Vang,12,2017-03-18,2017-08-26,1049.00,41.96,1090.96,returning
26ce484a-a527-4fe1-903f-2809a03fd21a,Margaret Roberts,44,2017-03-18,2017-08-31,863.00,34.52,897.52,returning
f6489f0b-4a7a-4dd2-97d4-d0008f662858,Robert Cortez,14,2017-03-18,2017-08-26,498.00,19.92,517.92,returning
1a1e8918-e445-4bc0-8fa1-5a470711d51d,Brandon Lopez,12,2017-03-18,2017-07-29,425.00,17.00,442.00,returning
cf2dbf35-0461-492d-81bd-a783c553409a,Karen Reynolds,19,2017-03-19,2017-08-26,671.00,26.84,697.84,returning
8699b9d8-d299-411d-82bc-9ee94abdf576,Shawn Rogers,21,2017-03-19,2017-08-27,740.00,29.60,769.60,returning
298ca377-a08e-4e0d-91d6-b0b5aff14c1b,Benjamin Adkins,73,2017-03-19,2017-08-30,408.00,16.32,424.32,returning
0d78df79-b2dc-4cea-b7a0-712c91c0433d,John Fischer,47,2017-03-20,2017-08-28,576.00,34.47,610.47,returning
26ef1453-7eb5-4f13-9c8c-22a3f738d060,Matthew Williams,25,2017-03-20,2017-06-19,327.00,13.08,340.08,returning
701ab460-123c-42eb-bae0-fbe7a111ebd7,Natasha Carter,56,2017-03-21,2017-08-31,581.00,23.24,604.24,returning
6a9699dc-eba5-4045-9b96-91504f0cfe77,Rhonda Ward,69,2017-03-21,2017-08-30,390.00,15.60,405.60,returning
23fd6560-8719-45ae-a5f0-6d81f0484750,Samantha Holmes,29,2017-03-13,2017-06-19,346.00,13.84,359.84,returning
3218db6b-84e5-453d-8de9-a966eecbacc6,James Brennan,51,2017-03-21,2017-08-30,512.00,20.48,532.48,returning
cf1ff13a-ac47-45d6-92eb-1583ead19df6,David Edwards,23,2017-03-21,2017-06-20,257.00,10.28,267.28,returning
8e5821f5-d035-421b-a56a-6ed02c100432,Dillon Jennings,91,2017-03-23,2017-08-31,516.00,30.96,546.96,returning
3eaef1e6-c145-417b-875b-96a83a8a8dc8,Omar Reeves,78,2017-03-23,2017-08-28,426.00,17.04,443.04,returning
6a7675ef-2c9d-4e2d-80c0-b5f38fffb6ea,Erika Mccarthy,57,2017-03-22,2017-08-31,575.00,23.00,598.00,returning
1f2b91fc-75c1-4628-aec0-5cbebc88f0bf,Jason Garrison,16,2017-03-25,2017-08-27,283.00,11.32,294.32,returning
63af441d-70c7-4c4e-b495-80b967849285,James Robertson,22,2017-03-25,2017-08-27,775.00,31.00,806.00,returning
eb16c915-257c-4e0d-8f75-ef88a49065b6,Edward Carrillo,14,2017-03-25,2017-08-13,246.00,9.84,255.84,returning
05f69a50-2703-4591-a792-14e2e5994b43,Matthew Carrillo,12,2017-03-26,2017-08-13,842.00,33.68,875.68,returning
a2ae6f2d-02bc-447f-9852-0d197780e7d4,Scott Jackson,16,2017-03-26,2017-08-05,1115.00,44.60,1159.60,returning
c9d0d7ff-0b5c-4b60-ac5e-0389909cf62a,Mark Smith,26,2017-03-27,2017-08-30,318.00,12.72,330.72,returning
e5873f83-602d-4424-9c5e-184c56c9d4ba,Rebecca Roberson,84,2017-03-12,2017-08-31,476.00,19.04,495.04,returning
c5ee9489-e7ea-4da3-9a86-b34c76f6d340,Audrey Campbell,80,2017-03-13,2017-08-30,842.00,33.68,875.68,returning
61004774-fb70-403c-ae81-a1e9cd187146,Heidi Smith,114,2017-03-13,2017-08-31,623.00,24.92,647.92,returning
63b14504-d172-4e5e-b0fa-abd9cb43352e,Victoria Villarreal,55,2017-03-13,2017-08-31,1255.00,50.19,1305.19,returning
5bc10fee-ced7-43f1-91e5-597bd89faff6,Annette Turner,113,2017-03-13,2017-08-31,635.00,25.40,660.40,returning
1d94038e-346e-4263-a10f-7fa4e5d1179e,Mary Mills,104,2017-03-13,2017-08-31,589.00,23.56,612.56,returning
6e4bc86a-7c8c-457f-bc7a-61c6187a18f4,Jennifer Manning,64,2017-03-14,2017-08-28,374.00,14.96,388.96,returning
e60ba363-7c8f-4fba-8c98-2d4952e8fbc5,James Graham,60,2017-03-14,2017-08-30,341.00,13.64,354.64,returning
bb9bad76-c7ec-4f36-842c-54c3bbb40467,Katherine Spencer,86,2017-03-14,2017-08-30,475.00,19.00,494.00,returning
44df0dc9-35a6-4159-8141-4a8bf47c0e2b,Chelsea Schultz,73,2017-03-14,2017-08-31,713.00,28.52,741.52,returning
8e91d584-8798-4b43-a077-64b5334460b3,Matthew Zuniga,63,2017-03-15,2017-08-30,767.00,30.68,797.68,returning
b60e68c2-1b3c-4a8b-a056-a39fb4e6a320,John Dunn,82,2017-03-15,2017-08-28,461.00,18.44,479.44,returning
66975479-1eec-445e-a34d-78b59cc44f64,Michelle Olson,22,2017-03-18,2017-08-19,1151.00,46.03,1197.03,returning
01a03f19-633a-4474-990e-57e75b98e60b,Stephanie Watkins,17,2017-03-18,2017-08-20,1228.00,49.12,1277.12,returning
c401aa52-5d86-4872-a6fc-75f431023457,Vanessa Serrano,13,2017-03-18,2017-08-06,923.00,36.92,959.92,returning
333d41f0-5f4d-48cb-b3bd-042814f9b7f8,Kristina Snow,88,2017-03-20,2017-08-31,492.00,29.52,521.52,returning
0ea8c796-5c53-421e-9442-830bc190960b,Jill Johnson,36,2017-03-22,2017-08-24,422.00,16.88,438.88,returning
d7290d30-60da-438f-a6f7-99a66828a1ba,Alexandra Cain,29,2017-03-23,2017-06-19,349.00,13.96,362.96,returning
187d49e0-634f-4e10-a10c-3b0be7408be0,Brett Allen,74,2017-03-24,2017-08-30,409.00,24.54,433.54,returning
31d39d83-97c5-4a86-8d98-c9ea5e4d6505,Paul Barnes,17,2017-03-26,2017-08-27,598.00,23.92,621.92,returning
672a02fc-236c-4c57-9ef9-218b783ce0e3,Michelle Barnett,18,2017-03-26,2017-08-19,630.00,25.20,655.20,returning
1922f6f3-ba06-4233-8d88-c1a9303a6a2a,Theresa Pennington,23,2017-03-13,2017-06-15,260.00,10.40,270.40,returning
57476af2-aff3-4f50-9313-77926b1859bc,Shannon Yoder,40,2017-03-16,2017-06-19,392.00,15.68,407.68,returning
caa8f40a-63c6-4789-87ad-05b99d694a15,Ryan Mclaughlin,27,2017-03-29,2017-06-20,268.00,16.07,284.07,returning
a2053515-1d0d-41cb-a47d-485aed398e8b,Richard Hayes,35,2017-03-29,2017-06-19,407.00,24.40,431.40,returning
85e030d5-7bbc-494b-baab-665c95549265,Sharon Smith,32,2017-03-29,2017-06-20,446.00,26.70,472.70,returning
e4adb740-2faa-44fc-bc18-4aa698032414,Samuel Stout,87,2017-03-30,2017-08-31,486.00,29.16,515.16,returning
4fc0f100-7ad9-49a8-9620-f0e3a0e42a80,James Grant,87,2017-04-05,2017-08-31,476.00,28.56,504.56,returning
6a49a618-20de-4b7a-af94-1b4afeb9a85e,Michelle Wiggins,43,2017-04-06,2017-08-31,567.00,33.93,600.93,returning
27e89b40-f32c-4604-8a79-6d1613bde382,Kathy Thomas,35,2017-04-10,2017-08-31,681.00,40.75,721.75,returning
fc41d86f-78f3-476a-882c-3eafc02d61f2,Michelle Roberts,35,2017-04-11,2017-08-31,382.00,22.88,404.88,returning
d0299f60-146d-4716-bc55-eb830a04779e,Rachel Graham,42,2017-04-12,2017-08-28,780.00,46.73,826.73,returning
3b5801eb-5e85-44e1-abb0-6e1879e5e0ac,Michelle Herring,84,2017-04-13,2017-08-31,469.00,28.14,497.14,returning
d47fa6a3-60cc-4d46-8dc2-9b3fd5e43153,Gary Kirk,25,2017-04-17,2017-08-25,296.00,17.72,313.72,returning
8020c8de-2e83-4aae-8bd6-638db33f0978,Sandra Duncan,17,2017-04-19,2017-06-15,237.00,14.21,251.21,returning
f3abecde-d032-4605-876c-6373a9a9e65b,Carrie Wilson,13,2017-04-21,2017-06-20,153.00,9.17,162.17,returning
35292459-521c-4d3a-a786-3b68116663fc,Michael Ball,7,2017-04-22,2017-08-19,611.00,36.65,647.65,returning
b998f134-9c6e-4e5b-9a37-d0d9dbc72f85,Brian Church,70,2017-04-24,2017-08-31,381.00,22.86,403.86,returning
dccd3e5d-2076-4fc6-aa79-87579e134ce1,Jimmy Bridges,76,2017-04-24,2017-08-31,417.00,25.02,442.02,returning
2ef2eede-fcc3-4c79-a843-4f5ae828d591,Mary Vargas,67,2017-04-27,2017-08-31,378.00,22.68,400.68,returning
1c4373e3-238c-46b7-83f5-6cf757228aba,Sara Potter,13,2017-04-30,2017-08-27,450.00,26.98,476.98,returning
b761dca2-f8ff-4709-b645-9b0591dfa353,Beverly Parker,81,2017-05-01,2017-08-31,458.00,27.48,485.48,returning
6bb94756-3d64-40f4-9ecb-bc26ede41625,John Blackburn,36,2017-05-04,2017-08-26,769.00,46.09,815.09,returning
efb0203d-c970-47ec-8644-2090a658224b,Carl Dorsey,69,2017-05-05,2017-08-31,392.00,15.68,407.68,returning
6fcd3399-b9d5-4ab0-9d50-385be83fec9c,Matthew Walker,44,2017-05-05,2017-08-31,468.00,18.72,486.72,returning
7e7c62c1-b8a8-4e9a-ab94-81a82d76e3e5,Christopher Brown,59,2017-05-06,2017-08-30,326.00,19.56,345.56,returning
bf32ccad-096c-457c-9147-6f220d46e227,Kenneth Lynch,34,2017-05-07,2017-08-31,424.00,25.38,449.38,returning
5b4df518-7c6e-4957-8906-e33505acee31,Kim Porter DDS,33,2017-05-08,2017-08-29,791.00,31.64,822.64,returning
212484cd-56e9-4934-ab9b-69d43228ee16,Duane Myers,79,2017-05-08,2017-08-31,438.00,17.52,455.52,returning
1439dc05-4ab9-4995-90c7-d9437ae94f50,Shane Barber,77,2017-05-08,2017-08-31,432.00,17.28,449.28,returning
e6debecd-a5cf-4ced-957e-7fb31720480c,Robert Mitchell,79,2017-05-08,2017-08-31,438.00,17.52,455.52,returning
7c0459a0-2d38-460e-8653-72aefbf15570,Calvin Strong,50,2017-05-08,2017-08-30,582.00,23.28,605.28,returning
43086963-8392-432e-84e0-ef1902202b4c,Amber Franklin,46,2017-05-09,2017-08-31,483.00,28.91,511.91,returning
d78e6e3f-3ff1-49b6-9dcb-129816aa0ecb,Steven Hansen,52,2017-05-09,2017-08-31,598.00,23.92,621.92,returning
2f76575f-2d85-40ca-8f3b-82b14debc678,Renee Clark,72,2017-05-09,2017-08-31,421.00,16.84,437.84,returning
fd12529b-56bd-40cf-a742-a90ad36add5e,Karen Howell,36,2017-05-10,2017-08-30,405.00,16.20,421.20,returning
6aff094b-52ed-46fe-8904-5752ec7e76ec,Roy Torres,31,2017-05-10,2017-08-31,358.00,14.32,372.32,returning
77475cfc-c7a4-44fd-aa82-b68053aa7540,Steven Wood,61,2017-05-10,2017-08-31,339.00,13.56,352.56,returning
ce8210c0-c537-4fd0-80ef-c3e8063b748a,Victoria Russo,69,2017-05-10,2017-08-31,386.00,15.44,401.44,returning
d85d8387-2b7e-46a9-9f28-dad061a5fc01,Todd Bautista,18,2017-05-11,2017-06-20,250.00,10.00,260.00,returning
355d89d9-bf5a-41df-9382-a5e57cbbbec4,Reginald Smith,116,2017-03-13,2017-08-31,654.00,26.16,680.16,returning
5a62f2b9-646a-4b84-b570-661ca33a139f,Norman Martin,104,2017-03-13,2017-08-31,572.00,22.88,594.88,returning
f459a5e8-b280-49fd-904a-3cd3746f4f16,Kristen Jacobs,105,2017-03-13,2017-08-31,591.00,23.64,614.64,returning
270b35bf-74ca-4601-91d8-16fe5196ca5a,Amanda Bates,44,2017-03-13,2017-08-29,840.00,33.60,873.60,returning
49c4bc11-2495-438d-9b87-3c395574433f,Tony Murphy,60,2017-03-13,2017-08-30,737.00,29.48,766.48,returning
5b070f80-9227-43fd-951b-4c758d20070e,Trevor Pierce,99,2017-03-13,2017-08-31,549.00,21.96,570.96,returning
7e2a9b35-5e70-4df4-889c-34732fd2ee32,Brandy Dean,105,2017-03-13,2017-08-31,593.00,23.72,616.72,returning
87fc5559-9d20-4780-8c0e-b7c248cd6236,Michelle Mendoza,96,2017-03-13,2017-08-31,559.00,22.36,581.36,returning
d1c356c7-a230-4e49-abb6-3eb1f58155cd,Gregory Glenn,102,2017-03-13,2017-08-30,567.00,22.68,589.68,returning
1b25718d-795f-4b30-a424-50167ae8c0ad,Nathan Cox,101,2017-03-13,2017-08-30,572.00,22.88,594.88,returning
d3adc9f1-fd4e-45ad-9d75-0919a6617f7a,Diana Robinson,74,2017-03-13,2017-08-31,412.00,16.48,428.48,returning
4955904c-175f-43ec-b76a-bc70d836d508,Wendy Tapia,54,2017-03-13,2017-06-20,628.00,25.12,653.12,returning
1380e029-b899-4413-a8da-0741720a6a06,Kelly Kelly,71,2017-03-14,2017-08-31,855.00,51.19,906.19,returning
f4835f98-d82c-487c-8788-26a05c249db0,Jose Cook,43,2017-03-14,2017-06-19,490.00,19.60,509.60,returning
22dc524c-5b2b-4982-a2a7-2a5f5a5b9ca5,Nicholas Mason,37,2017-03-14,2017-06-20,384.00,15.36,399.36,returning
a31129ac-6e82-4a23-86f3-3d708e019069,Larry Roberts,46,2017-03-14,2017-06-20,528.00,21.12,549.12,returning
388a03fa-6bff-4153-afbb-2349b43c876e,Gregory Good,94,2017-03-16,2017-08-31,536.00,21.44,557.44,returning
33f27548-d085-481a-aa4f-a851fbebe0cd,Diana Rogers,73,2017-03-17,2017-08-31,686.00,27.44,713.44,returning
631f0e93-e48f-414d-b220-0c466b7fc584,Sarah Porter,89,2017-03-17,2017-08-27,481.00,19.24,500.24,returning
ed46daf6-4c46-4af8-a80d-c0cf0b307966,Seth Atkinson,19,2017-03-19,2017-08-27,1672.00,66.88,1738.88,returning
4126c950-a88a-4305-895c-96d7e076897e,Pamela Harris,54,2017-03-23,2017-08-31,612.00,36.67,648.67,returning
36654075-c818-484d-aa9f-b6e8834b1bd5,Blake Matthews,87,2017-03-24,2017-08-31,484.00,29.04,513.04,returning
7160f724-2528-4ac3-ba79-b6e99e6b8a01,Brian Velasquez,12,2017-03-25,2017-08-27,1055.00,63.28,1118.28,returning
9e22e2d2-ef3f-4b75-8aa0-f3ae453183e1,Tracie Martinez,18,2017-03-26,2017-08-27,644.00,38.60,682.60,returning
a2388294-855e-4447-a3d5-b3649380d30e,Paul Perez,11,2017-03-12,2017-08-20,952.00,38.08,990.08,returning
3eb1c53f-4af3-42d8-8608-40548ce4843d,Edward Young,110,2017-03-13,2017-08-30,614.00,24.56,638.56,returning
80617fda-335d-411d-aed3-ca3917a8cff2,Johnny Ward,98,2017-03-13,2017-08-31,540.00,21.60,561.60,returning
1c3dc001-75eb-4fb9-b3ad-59a3be5b31ac,Charles Edwards,114,2017-03-13,2017-08-31,649.00,25.96,674.96,returning
1a1fa253-a2de-457a-9397-7c6c80d5d589,Corey Francis,105,2017-03-13,2017-08-31,589.00,23.56,612.56,returning
d7615aca-6de3-4a17-8fd0-212330ca9c28,Susan Humphrey,50,2017-03-14,2017-08-31,552.00,22.08,574.08,returning
96aa3e1c-ce39-4f76-b813-c9b4d59c0cdc,Sarah Smith,75,2017-03-14,2017-08-31,414.00,16.56,430.56,returning
3dc87d1c-7942-471e-b947-26b7ec78cedb,Traci Hicks,86,2017-03-14,2017-08-30,487.00,19.48,506.48,returning
3e5dc535-3e67-47d0-8eed-547c7f51e8c9,Lindsay Noble,57,2017-03-13,2017-08-30,1320.00,52.79,1372.79,returning
62b38185-a937-473c-b04e-833be36219e6,Scott Ray,40,2017-03-20,2017-08-29,382.00,15.28,397.28,returning
265cf9a7-b023-492e-9e62-3896325f1c48,Mr. Jonathan Taylor,44,2017-03-13,2017-08-29,466.00,18.64,484.64,returning
8678daa5-37e5-4e54-8c81-551df8fb8c0a,Miguel Palmer,29,2017-04-04,2017-06-19,352.00,21.08,373.08,returning
63b6d2f8-4e38-4b4c-bf67-6651399b4453,John Gilbert,87,2017-04-13,2017-08-31,494.00,29.64,523.64,returning
aeea9d66-6c0a-4d7b-95ee-d3d25c66a5ac,Michael Gallegos,24,2017-04-18,2017-06-20,292.00,17.50,309.50,returning
a3d91be1-b5d9-4d3c-bdd8-ab49cd378f30,Megan Forbes,68,2017-04-18,2017-08-31,379.00,22.74,401.74,returning
0abcb3b4-7e1c-4638-a21c-af1df3702f27,Brandy Mcdonald,62,2017-04-24,2017-08-30,345.00,20.70,365.70,returning
98c7adf1-31bc-45c1-85fb-dbf53b4a53e2,Timothy Navarro,31,2017-05-04,2017-08-29,353.00,21.13,374.13,returning
91c5349a-5fb8-43b5-8af3-1b0018617bc3,Deborah Peck,24,2017-05-08,2017-06-20,254.00,10.16,264.16,returning
c11308cb-8153-4e7b-9149-9b6b5c0aa137,Jacqueline Cuevas,65,2017-05-08,2017-08-31,341.00,13.64,354.64,returning
fe21b6ad-ebab-42b3-b5ed-ad3529036009,Tiffany Scott,9,2017-05-10,2017-06-16,98.00,3.92,101.92,returning
2f0fa97b-f713-40a9-8e11-3e18580cd97b,Christopher James,66,2017-05-10,2017-08-30,368.00,14.72,382.72,returning
2661b9e7-3b2c-40ea-b349-251363d10a4e,Mark Brown MD,61,2017-05-11,2017-08-31,342.00,13.68,355.68,returning
41c59ae8-bcd0-4d00-b8e9-bfaa0ce5913b,Melissa Pearson,73,2017-03-14,2017-08-29,424.00,16.96,440.96,returning
bbffd265-99c5-491d-a03e-fee1fec9e123,Pamela Davis,48,2017-03-17,2017-08-28,858.00,34.27,892.27,returning
d77ac8a9-6445-4f65-9a77-b0fb3abe853d,Ashley Porter,90,2017-04-06,2017-08-31,515.00,30.90,545.90,returning
8834bd0d-66fc-44cf-83bc-c787f024b078,Jessica Wade,15,2017-05-12,2017-06-20,204.00,12.22,216.22,returning
8639eac0-9cd8-4fe5-9e10-8526a16018d1,Kelli Williams,41,2017-05-12,2017-08-31,449.00,17.96,466.96,returning
4d481210-54e4-4e94-80f3-81ba408de5a5,James Cook,38,2017-05-12,2017-08-31,354.00,14.16,368.16,returning
8f34cf8e-4ab5-436b-b34d-d43e654c8d6b,Jerry Wilkins,48,2017-05-12,2017-08-31,580.00,23.20,603.20,returning
6f1db361-6600-4690-8cd8-5520d4257b7f,John Simmons II,1,2017-05-13,2017-05-13,6.00,0.36,6.36,new
582e9081-9542-4d02-9ed4-d41c93fa8b2c,Laura Jones,58,2017-05-13,2017-08-31,324.00,12.96,336.96,returning
c958448f-45d7-416d-a358-45098ec2a9da,Natasha Johnston,13,2017-05-13,2017-08-20,1145.00,45.80,1190.80,returning
9400a9f1-7dfe-440e-9992-ce7a2dd5b296,Michael Khan,38,2017-05-15,2017-08-25,750.00,29.98,779.98,returning
49421d99-2baa-4a3f-bbff-4e4d4e0062aa,George Sanchez,67,2017-05-15,2017-08-31,361.00,14.44,375.44,returning
f962820d-d110-4903-9fbd-86a2ba5a9687,Jonathan Lewis,36,2017-05-15,2017-08-25,384.00,15.36,399.36,returning
f714d574-6aed-4017-952f-ff5bc4155939,Claudia Jones,47,2017-05-15,2017-08-31,507.00,20.28,527.28,returning
cc1fc998-ac73-4d63-9bb0-03e1756e8d0d,Ronald Tran,9,2017-05-16,2017-06-12,73.00,4.38,77.38,returning
f55982fc-a2f7-407d-b845-3b32df0463f7,Dr. Chad Chavez,55,2017-05-16,2017-08-25,312.00,18.72,330.72,returning
254a6b6d-5dcb-4d20-88ce-e2e448935a93,Deborah Jackson,32,2017-05-16,2017-08-30,289.00,17.30,306.30,returning
5f22d013-c3f9-44a7-aeba-0975da12ffcc,Jack Huynh,48,2017-05-13,2017-08-29,271.00,10.84,281.84,returning
c664111b-b80e-45ab-b2de-ee220ea29fbe,Brittany Morales,36,2017-05-16,2017-08-31,341.00,13.64,354.64,returning
49a68f77-776a-4b4b-b668-48e489f414ae,Patricia Smith,67,2017-05-16,2017-08-31,375.00,15.00,390.00,returning
6d83b2dd-2590-42ba-8d66-d65101b1a517,Danielle Lewis,8,2017-05-17,2017-06-19,81.00,4.85,85.85,returning
1740f65f-2823-4d8a-9ff9-2bf6dfcddfb6,Stephanie Navarro,15,2017-05-17,2017-06-16,181.00,7.24,188.24,returning
1b221ed8-52ce-4d81-a181-c5317da12a7c,Cheryl Patel,12,2017-05-15,2017-06-19,159.00,6.36,165.36,returning
6f80c5c6-04ed-4548-83b7-aee06e3700c4,Dana Ballard,18,2017-05-17,2017-08-31,146.00,5.84,151.84,returning
779b7f09-bfd0-4ab7-a46f-9f6eecb13030,Clayton Brown,72,2017-05-17,2017-08-31,415.00,16.60,431.60,returning
9a689679-4c75-46ba-92d3-6b5b0c51a34a,Bryan Bell,43,2017-05-17,2017-08-31,365.00,14.60,379.60,returning
a768163c-0781-430b-8703-ce1ce473c762,William Wallace II,48,2017-05-18,2017-08-29,276.00,11.04,287.04,returning
ed79e1d1-f247-47da-b20f-17c6184db706,Matthew Roberts,23,2017-05-18,2017-08-29,256.00,10.24,266.24,returning
758d0e66-e551-46a4-b8f9-0a98d7161e93,Barry Mann,47,2017-05-18,2017-08-30,456.00,18.24,474.24,returning
1757e1cd-b99e-42a3-9e19-1b1305127836,Kelly Pearson,59,2017-05-18,2017-08-29,328.00,13.12,341.12,returning
40c889c0-2020-4661-bb9a-564950b1a262,Steven Escobar,36,2017-05-18,2017-08-30,663.00,26.52,689.52,returning
b8cf5c4c-27e2-4106-9058-eb38559661e0,Miranda Myers,63,2017-05-19,2017-08-31,356.00,14.24,370.24,returning
7bb37398-522c-4b94-95aa-882d79ae2041,Diana Taylor,10,2017-05-20,2017-08-06,864.00,34.56,898.56,returning
670a79a3-05fc-4a33-8b9d-1b6df80347f4,Jason Richards,28,2017-05-21,2017-08-31,638.00,38.23,676.23,returning
c0a8be37-975c-4b34-8989-1eb846c63871,Sarah Hatfield,16,2017-05-21,2017-08-27,561.00,22.44,583.44,returning
5c3c91f4-9d48-426f-9862-e165bf8f616d,John Washington,25,2017-05-22,2017-08-31,232.00,13.90,245.90,returning
7ea9b687-48e0-4f47-9245-7a3e02c88fec,Hannah Ross,12,2017-05-22,2017-06-20,135.00,5.40,140.40,returning
6d622f69-5cf8-4eda-b7ff-4f57f0e66237,David Donaldson,58,2017-05-22,2017-08-31,327.00,13.08,340.08,returning
7e394ed8-8aae-477f-9649-5d3e7f5658fb,Caroline Lucas,9,2017-05-22,2017-06-19,110.00,4.40,114.40,returning
95381466-0836-4fd0-b05c-e8ca6147a51f,Barry Maxwell,68,2017-05-22,2017-08-31,385.00,15.40,400.40,returning
3bcd90d3-7d42-4c9f-ad46-04d8af612206,Lauren Love,8,2017-05-23,2017-06-20,54.00,3.24,57.24,returning
6afcdfd4-7162-4241-9932-0cf1f3a2b6e7,Tracey Larson,31,2017-05-23,2017-08-24,573.00,22.91,595.91,returning
07837268-1f07-43d7-a271-fa0ab4370eee,Billy Burton,49,2017-05-23,2017-08-31,266.00,10.64,276.64,returning
84a120aa-c994-404e-9e74-8277a6f9eb4e,Brendan Rodriguez,13,2017-05-23,2017-08-29,128.00,5.12,133.12,returning
17e24a9b-119c-4ea7-a53a-bb757c70ad0a,Emily Perry,12,2017-05-23,2017-06-19,125.00,5.00,130.00,returning
cc9cb0b1-f5d5-4fbb-ae89-025a80fb57c1,Kathryn King,30,2017-05-23,2017-08-24,628.00,25.10,653.10,returning
7d4b9dcb-d4ff-42fa-9c58-5657c61f4954,Michael Morris,57,2017-05-23,2017-08-31,311.00,12.44,323.44,returning
6fb41f2c-72b6-4e3e-b896-89be93d85e5a,Brandon Small,12,2017-05-23,2017-06-16,154.00,6.16,160.16,returning
33ab4667-4cdd-435a-875e-305ea36ebc4d,Jill Smith,9,2017-05-24,2017-06-19,142.00,5.68,147.68,returning
a2effce6-3ad2-4811-940b-bbb5a4ad9b67,Kevin Mcguire,62,2017-05-24,2017-08-31,338.00,13.52,351.52,returning
f3c5c37f-bd98-40b6-8f8b-eeb75218bbed,Cynthia Frazier,15,2017-05-24,2017-08-25,185.00,7.40,192.40,returning
249c5605-e2c1-49de-825b-aeef4ba19a9e,Matthew Bryan,10,2017-05-25,2017-06-19,133.00,7.97,140.97,returning
87a00a98-1d65-4fba-92f9-41ac07bce2bd,Tracey Giles,59,2017-05-25,2017-08-31,332.00,13.28,345.28,returning
aef5051b-ee62-4974-994d-fbb200c5f89c,Anthony Silva,64,2017-05-25,2017-08-31,367.00,14.68,381.68,returning
21c61b96-d053-45f3-9730-c3483fe288d2,Jay Cunningham,13,2017-05-25,2017-06-20,183.00,7.32,190.32,returning
aa006c1b-6b97-4f02-99a9-57923d13eb8f,Mary Owens,54,2017-05-26,2017-08-31,308.00,18.48,326.48,returning
bbe44e0a-dc83-4c13-a357-89d0c4f06f29,Renee Price,68,2017-05-26,2017-08-31,381.00,15.24,396.24,returning
cd67e795-f5fa-470f-9a4f-4060d5951279,Kathleen Flores,48,2017-05-26,2017-08-31,270.00,10.80,280.80,returning
2444fa55-4e76-4e0e-8880-6ccb037e3479,Kelly Holmes,14,2017-05-27,2017-08-27,240.00,14.36,254.36,returning
adc6b3eb-08c6-47a0-a6ce-19384284547a,Ashley Jenkins,15,2017-05-27,2017-08-20,265.00,10.60,275.60,returning
c3f68ead-12e5-4a95-9f20-2c9529a5f08b,Dana Williams,4,2017-05-27,2017-08-20,354.00,14.16,368.16,returning
5a056723-8fb6-4708-ba04-edc4e2854e74,Lawrence Ochoa,10,2017-05-29,2017-06-20,85.00,3.40,88.40,returning
6f595044-c1c1-4b1b-8b9a-6ba836a7d845,Teresa Moreno,65,2017-05-29,2017-08-31,364.00,14.56,378.56,returning
8d5fa184-5966-49ce-b3e7-4acfaba98bfd,Sarah Edwards,61,2017-05-29,2017-08-31,343.00,13.72,356.72,returning
3785fc7c-35aa-4e40-b620-f54b10e8a832,Jennifer Porter,54,2017-05-29,2017-08-31,301.00,12.04,313.04,returning
436ca6dd-1cc3-4ff0-986c-eabb97606b9b,Caitlin Vasquez,62,2017-05-29,2017-08-31,360.00,14.40,374.40,returning
64e25b29-1b93-4db3-a929-7fb7183288be,Sergio Johnson,8,2017-05-30,2017-06-16,93.00,3.72,96.72,returning
4a0fcf58-3784-4070-96a6-0925fc23e36f,Kathy Nichols MD,8,2017-05-30,2017-06-19,95.00,3.80,98.80,returning
e94d8a6e-9b23-411a-baf2-75f02c42d8cb,Mary Jordan,3,2017-05-30,2017-06-16,29.00,1.16,30.16,returning
8c5628d0-6d15-4a6d-80f2-9c723e39ba83,Stephanie Reyes,59,2017-05-30,2017-08-30,336.00,13.44,349.44,returning
7eaca096-c253-48ee-936a-8ea930759d59,Samuel Thomas,8,2017-05-31,2017-06-15,78.00,4.68,82.68,returning
e648e7c1-b5f5-4d67-b78c-7d41956f4eaf,James Jones,6,2017-05-31,2017-06-15,83.00,3.32,86.32,returning
ed5f2f3e-8bef-4da7-b30c-90c3fa5f40ea,Jason Jones DDS,56,2017-05-31,2017-08-31,313.00,12.52,325.52,returning
cd709ef0-753a-4968-b981-ab264708b37a,Christine Miller,11,2017-06-01,2017-08-24,87.00,3.48,90.48,returning
72ad36e6-90e5-4d1f-8978-44a18ed7d4e0,Jessica Cole,8,2017-06-01,2017-06-20,85.00,3.40,88.40,returning
b8edba64-3db4-4841-8f8d-dc00dce6fb67,Hannah Anderson MD,56,2017-06-01,2017-08-31,315.00,12.60,327.60,returning
2fac4408-7728-454c-94d8-16b7262380b0,Brandon Alvarado,8,2017-05-28,2017-08-27,707.00,28.28,735.28,returning
7b4010bf-8e77-489c-83e9-0056299e9429,Amanda Chapman,15,2017-06-02,2017-08-24,138.00,5.52,143.52,returning
446153de-73e0-4d85-a593-2c3ae8664564,Manuel Hess,49,2017-06-02,2017-08-29,269.00,10.76,279.76,returning
5a2b4f14-e7ac-4b3a-bf58-688bca696e5f,Colin Campos,31,2017-06-02,2017-08-30,324.00,12.96,336.96,returning
10687c1c-9437-400c-a604-0e19882c65e1,Amber Reed,30,2017-06-02,2017-08-31,170.00,6.80,176.80,returning
03710ca1-feb1-4206-bd26-3bb8e6a1dac2,Miguel Ruiz,49,2017-06-03,2017-08-31,267.00,16.02,283.02,returning
153f6ea8-c8e7-4bfb-8273-72ac137733ea,Timothy Long,13,2017-06-03,2017-08-27,925.00,37.00,962.00,returning
6cb96ee5-043d-47e6-a79a-67e7b0fa034e,Danielle Anthony,7,2017-06-04,2017-08-13,494.00,19.76,513.76,returning
67d2941c-ef55-4f74-9994-431a09ee14db,Nathan Howard,11,2017-06-04,2017-08-19,571.00,22.83,593.83,returning
afdabd06-a2b4-497a-93b8-7bcf582b5d3b,Eric Porter,24,2017-06-05,2017-08-30,559.00,33.51,592.51,returning
0bc37503-ab88-4833-9b4e-1355bdd20deb,Mr. Alfred Reynolds,32,2017-06-05,2017-08-30,371.00,14.84,385.84,returning
b43ea9dd-823e-4930-9110-31ea0eaa05f3,Shawn Burnett,21,2017-06-05,2017-08-28,439.00,17.56,456.56,returning
f9f4d7f7-6884-4f0c-88d9-0d3432a666ca,Christopher Cannon,30,2017-06-05,2017-08-31,375.00,15.00,390.00,returning
07571aa5-5581-4cf0-9a68-006051f37c8c,Dylan Dickerson,29,2017-06-05,2017-08-29,358.00,14.32,372.32,returning
71f1cea1-588b-47f5-93c3-4e649541a9e4,Kelsey Walker,59,2017-06-05,2017-08-31,338.00,13.52,351.52,returning
6ffc9798-2bb6-43ca-823b-e9dda0935299,John Mcgee,25,2017-06-06,2017-08-28,538.00,32.21,570.21,returning
1991aaf6-d1b3-45f3-a33b-7a9174d18f8b,Karen Pugh,10,2017-06-06,2017-08-25,104.00,4.16,108.16,returning
86fb0f27-e52e-40a4-8499-5f1610574213,Erin Garcia,33,2017-06-06,2017-08-29,344.00,13.76,357.76,returning
2e1fd151-264e-4a4a-8584-733dd5da3152,Ellen Jordan,48,2017-06-06,2017-08-31,278.00,11.12,289.12,returning
8f4f1f50-62c9-4870-bf5b-bdcd357f8ad7,Teresa Ortiz,20,2017-06-07,2017-08-30,217.00,13.01,230.01,returning
37601558-3b79-4200-800f-fc03a28a5ec7,Michael Flores,44,2017-06-07,2017-08-30,244.00,9.76,253.76,returning
f03fb49f-283d-405e-bf8d-52046ca6e77d,Jill Mcknight,8,2017-06-07,2017-06-20,100.00,4.00,104.00,returning
f14bcc19-681e-43a6-94e0-9748a8455850,Stephen Solis,40,2017-06-07,2017-08-31,221.00,8.84,229.84,returning
bd081d89-0320-4774-bb4c-798b6e253b0e,Katherine Griffin,51,2017-06-08,2017-08-31,278.00,16.68,294.68,returning
27133460-80a8-449a-b422-65bfe97af456,Andrew Rosario,55,2017-06-08,2017-08-27,292.00,11.68,303.68,returning
ab13dd68-d82a-4dbe-b352-0f4df96ff5e3,Kathryn Cox,8,2017-06-08,2017-06-20,82.00,3.28,85.28,returning
bd72d373-2261-4193-bee7-41d3bfd08ef1,Ronald Jones,49,2017-06-09,2017-08-31,276.00,16.56,292.56,returning
b4624db2-8aba-4c57-a0f7-0f5cb8bf0a04,Jennifer Atkinson,23,2017-06-09,2017-08-29,471.00,18.84,489.84,returning
8cf43099-d49e-4e95-8b08-3d61df8b947f,Dennis Johnson,32,2017-06-09,2017-08-30,322.00,12.88,334.88,returning
625c6012-3c16-4c27-ab0c-a8512e488ad7,Nicole Russell,10,2017-06-10,2017-08-20,526.00,21.03,547.03,returning
0e105436-465e-4326-94d3-f6a0e7051725,Carrie Johnson,8,2017-06-10,2017-08-27,421.00,16.84,437.84,returning
32927010-1d7d-4cd9-a500-593804ff0e77,Alicia Holder,53,2017-06-11,2017-08-31,296.00,11.84,307.84,returning
0b7ba743-6819-4540-8542-b7fa14bd996d,Christina Johnson,7,2017-06-11,2017-08-06,608.00,24.32,632.32,returning
fa5ae382-e7ab-4d94-bdfc-7d689bc335ab,Jeffrey Boyd,32,2017-06-11,2017-08-30,695.00,27.79,722.79,returning
62e44a82-c99b-4d04-9abb-f6a2eb97c7ec,Ashley Anderson,40,2017-06-11,2017-08-29,225.00,9.00,234.00,returning
758b4602-0ce0-440a-9584-ad59ce4216ad,David Hammond,56,2017-06-12,2017-08-30,299.00,11.96,310.96,returning
920c0197-3c76-4cb7-90f7-b1a687043563,Lisa Lee,54,2017-06-12,2017-08-31,298.00,11.92,309.92,returning
4675a031-3216-463d-8c4d-42ea1283bd56,Jason Parker,6,2017-06-12,2017-06-20,49.00,1.96,50.96,returning
a5066e8e-de65-4798-9ed5-f6cae5f86031,Meagan Robinson,44,2017-06-12,2017-08-31,246.00,9.84,255.84,returning
99908d5f-92b2-4e74-812d-8fbf41ddc894,Kenneth Wilcox,5,2017-06-14,2017-06-20,64.00,3.83,67.83,returning
c404f9e5-cfcd-428e-8459-c1e1fd0d586b,Brian Smith,3,2017-06-14,2017-06-16,28.00,1.12,29.12,returning
902c8ddc-8ba2-42a6-b380-4afc64f50ffc,Courtney Lee,27,2017-06-14,2017-08-25,325.00,13.00,338.00,returning
376d586e-00b0-4a49-9695-ddac46fb337e,Margaret Lopez,47,2017-06-14,2017-08-31,258.00,10.32,268.32,returning
89a5d615-2bb0-4843-8177-90bf7f452bfe,Kathleen Sawyer,46,2017-06-14,2017-08-31,255.00,10.20,265.20,returning
8f9052f4-d761-416e-8b74-a71f640df0d7,Kerri Wilson,41,2017-06-15,2017-08-31,225.00,13.50,238.50,returning
359c05d0-e19d-463d-b3b4-43a0b4a3810f,Lauren Jackson,30,2017-06-15,2017-08-31,317.00,12.68,329.68,returning
fa7960f6-2060-4fc8-a154-148e0c543e8a,Danielle Griffin,6,2017-06-16,2017-08-23,78.00,3.12,81.12,returning
11498734-cebc-4784-a055-6bd08a18f1dc,Courtney Evans,32,2017-06-16,2017-08-31,370.00,14.80,384.80,returning
33d208d7-91f2-4d70-9f75-c1bf87481c15,Maria Cabrera,47,2017-06-16,2017-08-31,263.00,10.52,273.52,returning
848bb1e9-3367-4758-8f73-e886fadfadab,Tyler Evans,3,2017-06-16,2017-06-20,26.00,1.04,27.04,returning
45233069-2809-4274-b243-98792794b3e9,Misty Townsend,11,2017-06-17,2017-08-27,968.00,38.72,1006.72,returning
5b16d3ac-510a-4143-8a0a-785ce783f3d8,Brian Ford,7,2017-06-18,2017-08-20,613.00,24.52,637.52,returning
5dbe3a93-bfd1-48f7-8040-dacc81b641f3,Dr. Erin Turner,16,2017-06-19,2017-08-25,205.00,12.28,217.28,returning
f0496969-2829-4c93-834d-07ef9042cd86,Ashley Lam,21,2017-06-19,2017-08-29,186.00,11.13,197.13,returning
70a0c69e-1bf5-4805-bf9c-4714e193f75d,Stephanie Nelson,2,2017-06-19,2017-06-20,10.00,0.60,10.60,returning
b6b6f9ac-f08b-4ef6-8e52-a2c0bb49b17d,James Mitchell,2,2017-06-19,2017-06-20,34.00,1.36,35.36,returning
0855291e-0a0d-4e17-931b-beabbc173f85,Rhonda Watkins,36,2017-06-19,2017-08-30,198.00,7.92,205.92,returning
50fb8eb8-955f-41ca-ab6a-faaff8141652,Sharon Johnson,1,2017-06-19,2017-06-19,16.00,0.64,16.64,new
661d2fc6-9fa2-4c79-9d19-44c73cb68448,Paul Black,41,2017-06-19,2017-08-31,233.00,9.32,242.32,returning
4ba2a669-8d0b-4aef-96c0-aae24b7711ff,Peggy Martinez,1,2017-06-20,2017-06-20,21.00,0.84,21.84,new
f1c1c41c-e3ac-4d0f-9604-06a648c54aa4,Adam Murray,49,2017-06-20,2017-08-31,278.00,11.12,289.12,returning
0ed041f5-3d65-4f50-b23e-849b527ee107,Paige Gonzales,39,2017-06-20,2017-08-31,215.00,8.60,223.60,returning
01450c81-3eae-4663-a704-f91c175e17f0,Alex Rosales,41,2017-06-21,2017-08-31,228.00,13.68,241.68,returning
5948da4d-8a3d-4122-9885-6f62f017c7b2,Ashley Meyer,30,2017-06-22,2017-08-30,164.00,6.56,170.56,returning
67f25b4e-183c-4a43-9227-09966e445b42,Stephanie Price,44,2017-06-22,2017-08-31,238.00,9.52,247.52,returning
46d34d7f-a3a4-4386-89ba-fa5ac15e5a69,Walter Allen,32,2017-06-22,2017-08-30,346.00,13.84,359.84,returning
7bb8fda6-2726-4199-a7aa-ed27cdfff312,Derrick Brown,17,2017-06-24,2017-08-25,319.00,19.12,338.12,returning
3934f6b2-65db-491f-93be-76ec718440d9,John Wilson,5,2017-06-24,2017-08-20,345.00,13.80,358.80,returning
547f74d3-e5b0-4e69-a707-74acc44f122c,Tony Garrett,8,2017-06-24,2017-08-26,426.00,17.04,443.04,returning
b06bdac7-cb60-4550-a13d-62da39a1c53e,Joshua Proctor,10,2017-06-24,2017-08-20,175.00,7.00,182.00,returning
b51ad0d8-7b4d-4859-8de9-fd9feb62c888,Angela Clark,42,2017-06-24,2017-08-30,253.00,10.12,263.12,returning
543b48b5-22b5-41e4-8e3c-704fc8f03e8d,Luis White,25,2017-06-25,2017-08-30,147.00,5.88,152.88,returning
b66095e0-346f-477d-8c25-3b70d4dfab70,Cheyenne Briggs,9,2017-06-25,2017-08-27,164.00,6.56,170.56,returning
8386c889-4e1d-49ce-9d61-12c967dad0f9,Alicia Webster,27,2017-06-26,2017-08-31,318.00,19.03,337.03,returning
07365e1d-9d4c-4185-859e-d5757178280c,Madison Austin,28,2017-06-26,2017-08-31,342.00,13.68,355.68,returning
33326773-e843-48d9-9641-9990733d705a,Chase Rogers,26,2017-06-27,2017-08-25,256.00,10.24,266.24,returning
2a6409ee-29ac-483f-a2a7-9074fcb50191,Michael Macdonald,36,2017-06-27,2017-08-31,206.00,8.24,214.24,returning
8976b896-e0e8-4696-b268-5587e42efaa0,Carrie Mueller,41,2017-06-27,2017-08-30,230.00,9.20,239.20,returning
41b09fe3-c0bf-4484-bc20-f48aedb5e7d5,Jeremy Stokes,11,2017-06-27,2017-08-25,131.00,5.24,136.24,returning
69819ace-cccb-4f20-aa31-be439b1b8e2b,Matthew Henderson,23,2017-06-27,2017-08-28,260.00,10.40,270.40,returning
d6ca3f18-6708-4e27-9196-8a2238aba9b0,Ryan Nash,21,2017-06-28,2017-08-30,188.00,7.52,195.52,returning
628b0262-278b-4522-aa31-ed61da01b78a,John Richardson,15,2017-06-29,2017-08-31,440.00,17.60,457.60,returning
296a6b8f-b21e-4485-ad7f-18c1262a0764,Brittany Wells,39,2017-06-29,2017-08-31,210.00,8.40,218.40,returning
7c45f68c-bbba-4b82-9457-03de08fe8287,Diane Hunter,6,2017-07-02,2017-08-27,424.00,25.43,449.43,returning
be999c23-fb5b-4060-b4aa-bd50fe8ab5f6,Amanda Harper,18,2017-07-02,2017-08-29,372.00,14.88,386.88,returning
8c39c27b-eb7a-452f-9581-a78bdf3ed9eb,Robert Carter,9,2017-07-02,2017-08-20,162.00,6.48,168.48,returning
430e5411-6ed3-439b-93c3-e885b2a37d0f,Judith Swanson,34,2017-07-03,2017-08-31,190.00,7.60,197.60,returning
b9915f58-4f74-4518-bb97-0b1e58c541a5,Patrick Walls,37,2017-07-04,2017-08-30,207.00,12.42,219.42,returning
4559b465-3dfc-40aa-84fe-31c153b4c0d8,Bruce Henderson,10,2017-07-04,2017-08-30,62.00,2.48,64.48,returning
239409e0-b3ad-4bf6-ba7c-08628ee3cbee,Cole Kelly,27,2017-07-04,2017-08-30,153.00,6.12,159.12,returning
45514547-8413-41d4-ba88-c1240763e5e8,Jennifer Erickson,21,2017-07-05,2017-08-30,169.00,10.10,179.10,returning
ce5679e9-296a-4566-ba46-98a3e0a94136,Jeffrey Foster,27,2017-07-05,2017-08-29,143.00,5.72,148.72,returning
300faed1-594b-427c-894e-c46855f06f22,Sheena Lewis,37,2017-07-06,2017-08-31,201.00,8.04,209.04,returning
20ae953d-06b1-4034-a24c-a173911af24e,Christopher Ellis,4,2017-07-09,2017-08-12,211.00,12.66,223.66,returning
4ed3232e-6117-4b38-9d59-265a217c91cf,Janet Jefferson,6,2017-07-09,2017-08-27,100.00,4.00,104.00,returning
8252af4b-fdbe-4139-b9a2-de4ceb670886,Joseph Wilson,7,2017-07-09,2017-08-27,360.00,14.40,374.40,returning
254292b3-d9f3-4b20-be39-1db058d17bb9,Michael Harris,17,2017-07-10,2017-08-24,209.00,12.53,221.53,returning
4423c47b-1f8b-4df4-bfe9-531cd8e6441b,Sandra Gordon,18,2017-07-10,2017-08-30,206.00,8.24,214.24,returning
a4512e27-9e9c-4aa8-bc00-11e9e1f1fd9f,Heather Henderson,17,2017-07-10,2017-08-30,410.00,16.40,426.40,returning
36708614-1e24-453b-8593-b03eb1a7c5b8,Sue Bailey,38,2017-07-10,2017-08-31,223.00,8.92,231.92,returning
f419edd5-8bb5-4809-8cfc-599ab209f6da,Alicia Norris,33,2017-07-10,2017-08-30,184.00,7.36,191.36,returning
4041ba09-7a39-4b37-9e0e-f39a765d9c82,Jennifer Sanders,17,2017-07-10,2017-08-25,213.00,8.52,221.52,returning
d2d5925b-c91a-440d-a613-0c76f88845cc,Jeremiah Smith,11,2017-07-12,2017-08-31,101.00,4.04,105.04,returning
a054cb90-d7e9-4236-9533-fc7fd2b1fd77,Bryan Thomas,18,2017-07-12,2017-08-31,162.00,6.48,168.48,returning
84f7f075-d17e-4662-a11c-bc80e28b12f5,David Lewis,27,2017-07-13,2017-08-31,157.00,6.28,163.28,returning
5b817ccb-b122-4044-b74f-bde3d1df714d,Lawrence Mclaughlin,14,2017-07-14,2017-08-31,77.00,4.62,81.62,returning
c710ee81-7487-44d1-b65f-69a898acaf69,Paula Mcdonald,24,2017-07-14,2017-08-30,124.00,4.96,128.96,returning
7fcd9f31-c0cb-4414-9981-9d014f593081,Christopher Townsend,14,2017-07-14,2017-08-30,169.00,6.76,175.76,returning
d84ec4ed-ae05-416c-9cbe-eace4567132d,Ryan Martinez,25,2017-07-15,2017-08-30,134.00,8.04,142.04,returning
41ca48ad-5cc0-4e25-83df-63d166b91a12,Danielle Gonzalez,5,2017-07-15,2017-08-27,178.00,7.12,185.12,returning
5e3636fd-a0a7-44c0-96e8-3d906cdbb119,Victoria Wood,11,2017-07-17,2017-08-29,132.00,5.28,137.28,returning
b5261e71-886e-4d78-8d1d-310ed9754704,Gregory Wyatt,30,2017-07-17,2017-08-30,176.00,7.04,183.04,returning
50e6ae18-ad0a-4f68-bb3d-e1a8b80eb58f,Jody Hale,29,2017-07-17,2017-08-30,170.00,6.80,176.80,returning
adaf0597-4b7f-4b6a-8881-40f3787bc862,Nicole Hall,23,2017-07-18,2017-08-28,129.00,5.16,134.16,returning
a692df88-38f3-4725-84a6-73ec7e6c7ab5,David Thornton,27,2017-07-18,2017-08-31,154.00,6.16,160.16,returning
76d2b7be-1fa1-441b-9de1-97c64d06c646,Christopher Smith,28,2017-07-18,2017-08-31,158.00,6.32,164.32,returning
fad2c57b-c35e-4270-8d10-2f067a5ee2b7,Ryan Jones,26,2017-07-20,2017-08-31,148.00,5.92,153.92,returning
5484b02b-221a-4bbe-86a3-3eccdcf8d2ae,Gerald Castillo,28,2017-07-20,2017-08-31,159.00,6.36,165.36,returning
c1d42cf2-74d9-44b1-a0a2-c85935c413be,George Garcia,13,2017-07-21,2017-08-31,166.00,9.95,175.95,returning
e9f40ffc-bea9-4cc6-abca-7fe897f37903,Mackenzie Torres,14,2017-07-21,2017-08-29,261.00,10.44,271.44,returning
7863e37d-24c8-4e18-8730-ea7e2a65606d,Amy Roberts,21,2017-07-22,2017-08-31,117.00,4.68,121.68,returning
a9976a20-42e5-4c26-a2d0-6ab72973887f,Benjamin Thomas,14,2017-07-24,2017-08-24,152.00,9.11,161.11,returning
d51ebab3-97b1-482d-9ccd-7368f01000f7,Christina Patterson,13,2017-07-24,2017-08-30,130.00,7.78,137.78,returning
e7f5d853-30ed-4302-9303-e11752f57b2f,Kristi Washington,20,2017-07-24,2017-08-31,176.00,10.54,186.54,returning
8e6a03da-15e7-44e8-bec1-426b65edb389,Rachel Sutton,25,2017-07-24,2017-08-31,227.00,9.08,236.08,returning
2e0d6ce4-794d-4494-bd1d-f44dbca8683f,Mary Martin,22,2017-07-24,2017-08-31,123.00,4.92,127.92,returning
7aa35447-7686-43f7-bb98-14b1bc5fe250,Kelli Nash,23,2017-07-24,2017-08-31,122.00,4.88,126.88,returning
fa6de1f2-ff8e-43ea-8da3-98d975b096da,Kyle Carroll,20,2017-07-25,2017-08-31,253.00,10.12,263.12,returning
e860f5d5-878c-468e-a446-059ba8434d4b,Cheryl Robinson,17,2017-07-26,2017-08-30,211.00,12.63,223.63,returning
ce5ac3ba-cbec-4482-816e-1ee6def437e2,Linda Thompson,11,2017-07-26,2017-08-31,118.00,4.72,122.72,returning
4c710db6-7317-4d70-8dcb-6af9a4068e8d,Jonathan Bright,6,2017-07-27,2017-08-30,78.00,3.12,81.12,returning
a48b7707-e594-444f-854e-67d65eb9105d,Katherine Martinez,8,2017-07-27,2017-08-30,89.00,3.56,92.56,returning
2b4b540f-9423-4186-8164-4566e5e908f2,Wanda Osborne,23,2017-07-27,2017-08-31,127.00,5.08,132.08,returning
03410ea3-1e8a-40ef-9322-bc532f78f7ff,Mr. Nathan Petersen,20,2017-07-28,2017-08-31,111.00,4.44,115.44,returning
f11283f0-4183-4d8d-a117-4b2a2c070ec2,Kevin Farmer,4,2017-07-30,2017-08-27,211.00,8.44,219.44,returning
a3867ed0-9303-4ce2-b40d-a9711a5efef0,Brandy Dennis,20,2017-07-31,2017-08-31,112.00,4.48,116.48,returning
1a1397df-b2b4-4791-93d9-87ac9062f545,William Hodge,10,2017-07-31,2017-08-31,52.00,2.08,54.08,returning
447fed8a-4bae-41c5-b5cd-cbf6a09c4782,Karen Patterson,17,2017-08-01,2017-08-30,89.00,5.34,94.34,returning
28f88fb0-d9fb-4c32-8470-1738493e863b,Robert Kim,9,2017-08-01,2017-08-30,99.00,3.96,102.96,returning
1c8233dc-8ccb-4d27-84e7-e00d33ff6674,Charles Carpenter,11,2017-08-01,2017-08-31,111.00,4.44,115.44,returning
2dcc7662-f1ce-442c-b998-bbe351d5e186,David Gomez,19,2017-08-01,2017-08-30,101.00,4.04,105.04,returning
c912d33f-5dc2-4ec9-a126-34b598046705,Julia Sanders,14,2017-08-02,2017-08-30,142.00,8.49,150.49,returning
bb35efe0-ac42-4801-bc72-7bea481716da,Michael Thomas,12,2017-08-02,2017-08-31,120.00,4.80,124.80,returning
da9de603-2c96-4356-820d-7c1e9ac4dde7,Kathy Thompson,16,2017-08-02,2017-08-31,138.00,5.52,143.52,returning
5a95b7ee-17bf-44cc-9775-835c337d4cb4,Teresa Williams,7,2017-08-03,2017-08-28,99.00,3.96,102.96,returning
a1a72036-c041-4a92-a719-9bbf0e21d53b,Sydney Eaton,20,2017-08-03,2017-08-30,118.00,4.72,122.72,returning
2949aa7a-85ad-46d1-8409-bf608167f72a,Lawrence Brown,15,2017-08-04,2017-08-30,85.00,5.10,90.10,returning
7e26cac1-f9ea-443d-a6d7-b0d624d82143,Richard Burns,4,2017-08-07,2017-08-25,34.00,1.36,35.36,returning
4740d6a5-b760-477f-83d9-7d1c3e04f0ba,Tina Grant,13,2017-08-07,2017-08-31,74.00,2.96,76.96,returning
34b17474-7fef-4a04-8009-f83028f66521,Rebecca Warren,9,2017-08-08,2017-08-31,100.00,6.00,106.00,returning
0815e683-4b1e-4ea3-b9e8-9d06bbfaedb5,Steven Robinson,9,2017-08-08,2017-08-30,116.00,4.64,120.64,returning
64ad7907-f83e-403b-b5b4-b1deded9bb1d,David Grant,9,2017-08-09,2017-08-31,51.00,3.06,54.06,returning
6b991ab8-8048-4161-b67d-7f862b2cc13e,Gabriella Choi,5,2017-08-09,2017-08-17,54.00,2.16,56.16,returning
69f9f173-1ee1-4ba2-a1be-005dc5f305fd,Brian Mcdonald,5,2017-08-09,2017-08-31,83.00,3.32,86.32,returning
b2310c7d-702b-4e62-b938-3b19262bd9e9,Michelle Herring,16,2017-08-09,2017-08-31,91.00,3.64,94.64,returning
05d8d4ba-5569-4f0e-985d-5f63fbfee659,Joseph Sanchez,4,2017-08-10,2017-08-28,46.00,1.84,47.84,returning
7c66bbce-e687-4e15-be85-d960c3de159b,Margaret Houston,12,2017-08-11,2017-08-31,111.00,4.44,115.44,returning
42748981-2a95-4e95-91cf-9844c8aa9c69,Martha Johnson,5,2017-08-12,2017-08-29,94.00,5.62,99.62,returning
2a082be2-fc91-4d5a-accd-200e91693b07,Natalie Wilson,4,2017-08-12,2017-08-27,286.00,11.44,297.44,returning
066ca82d-85b8-45e6-b262-bac0bb3c0e21,Traci Patel,13,2017-08-12,2017-08-31,72.00,2.88,74.88,returning
e7297926-0c3c-47f0-a303-8e1ddfc0eb77,Richard Stone,2,2017-08-13,2017-08-26,181.00,7.24,188.24,returning
2f162c0f-4d00-4d10-88ca-6dd2b94f24f5,Lee Hill,12,2017-08-14,2017-08-31,67.00,2.68,69.68,returning
d7af9974-5b4c-4c70-85c5-1f7ff782da88,Thomas Burnett,4,2017-08-15,2017-08-25,49.00,1.96,50.96,returning
a296a891-b126-44e1-a271-9228cc28b3bc,Gina Green,6,2017-08-16,2017-08-30,163.00,6.52,169.52,returning
7c2a3f62-d757-4322-a213-921d7c370838,Kevin Evans,7,2017-08-17,2017-08-30,35.00,1.40,36.40,returning
c0ec2b5c-22e2-4010-a8f9-94431d5860c7,Edwin Marquez,9,2017-08-17,2017-08-31,48.00,1.92,49.92,returning
8e119f8a-036b-4da9-bbae-98ab4fb61e2f,Jeffrey White,7,2017-08-18,2017-08-31,40.00,1.60,41.60,returning
834105ff-e792-4a6f-be6d-fb89b4d75d4a,Brett Santiago,2,2017-08-19,2017-08-27,141.00,5.64,146.64,returning
120d57b9-de14-4717-aefe-ab126645435d,Mary Nicholson,2,2017-08-21,2017-08-22,43.00,1.72,44.72,returning
26ebc43f-cfbf-4fa1-9c7f-9134871f7b65,Thomas Horne,8,2017-08-21,2017-08-31,46.00,1.84,47.84,returning
2d4e6ed6-f081-4049-b92a-7792dbe97b89,Derek Hunter,6,2017-08-21,2017-08-31,64.00,2.56,66.56,returning
73b79064-9e0d-4b3f-87d0-6ab33593b492,Douglas Burgess,6,2017-08-22,2017-08-31,159.00,9.52,168.52,returning
4dba6ec7-4085-4058-9f0e-5109b846f1c1,Wyatt Hickman,1,2017-08-22,2017-08-22,6.00,0.24,6.24,new
eccb6e23-700f-4b9e-803e-9c681f12dd9e,Jeffrey Lopez,7,2017-08-22,2017-08-30,44.00,1.76,45.76,returning
3d6f18db-a49c-4563-9445-68d4e02bd664,David Thompson,6,2017-08-23,2017-08-31,36.00,1.44,37.44,returning
e8014144-a99b-4ca2-8418-56404aee2f08,Michael Flores,2,2017-08-25,2017-08-31,14.00,0.56,14.56,returning
82205f5f-43a1-4172-aab8-523ed6a89f26,Shaun Berry,2,2017-08-26,2017-08-27,111.00,4.43,115.43,returning
51e5a1ad-d8d2-4387-82fe-860a54c87f4b,Brittney Baird,2,2017-08-26,2017-08-27,135.00,5.40,140.40,returning
d0c20886-5575-4356-8218-337197faa2fb,Chad Garcia,1,2017-08-26,2017-08-26,51.00,2.04,53.04,new
8f054a96-7920-42dc-b286-f6980ea8dbeb,Don Valencia,3,2017-08-28,2017-08-31,35.00,1.40,36.40,returning
e4d6980c-4b68-4255-97a5-2540f5ef35bc,Kimberly Schneider,3,2017-08-29,2017-08-31,15.00,0.90,15.90,returning
9f72b282-1f70-450b-988f-9b3029fa121e,Christina Hall,3,2017-08-29,2017-08-31,18.00,0.72,18.72,returning
4c11a926-7100-4d06-8910-5b0d5f3d7e9a,Jaime Hester,2,2017-08-30,2017-08-31,13.00,0.78,13.78,returning
bcff2252-fa4f-4a03-88eb-6ff7b0e010a0,Elizabeth Lewis,17,2017-06-20,2017-08-30,175.00,7.00,182.00,returning
19a91b0b-51dc-434f-978a-177588409f99,William Ayala,26,2017-06-28,2017-08-29,247.00,14.79,261.79,returning
78e4ffca-cfe4-42f3-9ef0-98ca1bb8cfa0,Marvin Kramer,22,2017-06-28,2017-08-30,255.00,10.20,265.20,returning
a43342bc-a956-480b-8ef3-7b28e61c9b9b,Maria Macdonald,43,2017-06-29,2017-08-31,248.00,9.92,257.92,returning
02c02023-75d2-4ad2-89f6-ed2c2e7ae6f5,Anthony Simmons,21,2017-07-06,2017-08-31,467.00,18.68,485.68,returning
aeb1bb4a-8548-48ed-a8e2-c31bc682b091,Sean Carter,16,2017-07-07,2017-08-27,314.00,18.81,332.81,returning
0f1df561-31c0-417e-909b-4b054c45baaf,Grant Poole,33,2017-07-13,2017-08-31,186.00,7.44,193.44,returning
0e4dbbf0-e4a8-4015-9595-c0b9bec0f9e5,Joel Young,23,2017-07-24,2017-08-31,121.00,4.84,125.84,returning
0edeaba5-35f3-4e68-98ca-f412d9cd14b5,Martin Henderson,4,2017-07-26,2017-08-31,26.00,1.04,27.04,returning
f7d61334-5d22-49f8-a022-903921239047,Michael Harper,23,2017-08-04,2017-08-31,127.00,5.08,132.08,returning
abf52e51-d999-45fd-a6b0-6a9cd018fb47,Eddie Brown,5,2017-08-22,2017-08-29,53.00,2.12,55.12,returning
df8c3dd7-4bc5-4996-98e5-18e7ec0046e9,Samantha Humphrey,3,2017-08-25,2017-08-29,32.00,1.28,33.28,returning
099dd9b8-0a76-482f-92e1-f754d25d5aee,Krista Young,1,2017-08-30,2017-08-30,9.00,0.36,9.36,new
